date,forecast_origin_date,actual_target,pred_target,actual_var,pred_var,qlike,error_sq
2024-10-20,2024-10-19,-9.31484470203024,-8.260009985033467,9.007708970117621e-05,0.0002586564085162739,0.4030849513245438,2.8418986732162343e-08
2024-10-21,2024-10-20,-7.873473101235765,-7.781435092289935,0.0003807098196512,0.0004174127188022156,0.004108512059931568,1.3471028060896202e-09
2024-10-22,2024-10-21,-8.046507358473745,-7.586042524044121,0.0003202183796641998,0.0005074854466333114,0.09145517846711959,3.5068954371213724e-08
2024-10-23,2024-10-22,-8.161787423041437,-7.576795336522799,0.0002853518941424999,0.0005122000244196736,0.14210244346323186,5.146007421024959e-08
2024-10-24,2024-10-23,-7.997674549656699,-7.571326354820737,0.0003362436373331001,0.0005150089108541871,0.07923723220526968,3.1957023017069034e-08
2024-10-25,2024-10-24,-7.679053012926394,-7.5588481212439405,0.00046241259025049994,0.0005214755747007798,0.00694364611398024,3.488436132173998e-09
2024-10-26,2024-10-25,-9.827358818094583,-7.6082767264025355,5.395507413713421e-05,0.000496326428166619,1.3277911190665246,1.9569241486587974e-07
2024-10-27,2024-10-26,-9.27737910553637,-8.505417216961455,9.351589785986805e-05,0.00020236911684290602,0.234067733123827,1.1849023282969218e-08
2024-10-28,2024-10-27,-8.498659814223364,-7.917664831140086,0.0002037412372309999,0.0003642519238821081,0.14033665827725206,2.5763680529210236e-08
2024-10-29,2024-10-28,-7.399875840216145,-7.965660363042589,0.0006113286588518999,0.00034718236690121977,0.1950439092897711,6.977326355129392e-08
2024-10-30,2024-10-29,-7.708331085877311,-7.270993432566387,0.0004490703118755001,0.0006954207968210687,0.08309105808825068,6.068856143291684e-08
2024-10-31,2024-10-30,-7.664318249363356,-7.5234839439336545,0.0004692765758507998,0.0005402470927300405,0.009467557329457366,5.036814266106596e-09
2024-11-01,2024-10-31,-6.666464947076679,-6.949898025055669,0.0012728905424023997,0.0009587329154449917,0.044246914152707095,9.869501457550993e-08
2024-11-02,2024-11-01,-9.875369409182522,-7.96211787071976,5.1425859485689843e-05,0.00034841443878471816,1.0608514625792456,8.820221623405524e-08
2024-11-03,2024-11-02,-7.66475466133589,-8.538928620125771,0.00046907182261629994,0.00019569981671460342,0.5227198697363251,7.47322536107172e-08
2024-11-04,2024-11-03,-7.386133207392613,-7.465475070236158,0.0006197879172519,0.0005725130258397739,0.003232473496414645,2.2349153580283157e-09
2024-11-05,2024-11-04,-6.986185934823602,-7.560602933393743,0.0009245661709718,0.0005205612854640194,0.20167761157399688,1.6321994751415492e-07
2024-11-06,2024-11-05,-6.076503738850753,-8.215938856414416,0.0022961907175242002,0.0002703106090148847,5.355199911482776,4.104190214053716e-06
2024-11-07,2024-11-06,-7.522779705074414,-5.97416894269689,0.0005406276897262002,0.002543615098534252,0.7611538349451576,4.011958559843592e-06
2024-11-08,2024-11-07,-7.801772876712086,-7.554416343871789,0.00040900921291440014,0.0005237917669861895,0.028218815540066,1.3175034719243253e-08
2024-11-09,2024-11-08,-9.797912735378048,-7.650734984656948,5.556746247024779e-05,0.00047569437244001376,1.2639913058276622,1.7650662048074385e-07
2024-11-10,2024-11-09,-6.737021210697639,-8.044952458908774,0.0011861752654517997,0.00032071667438216087,1.3905823943537157,7.490185728562443e-07
2024-11-11,2024-11-10,-6.735612458201719,-7.479672009137379,0.0011878474704025003,0.0005644425172033105,0.3604016187188104,3.88633735673284e-07
2024-11-12,2024-11-11,-6.273470829109263,-7.696168231276049,0.0018856723654992996,0.0004545656404801868,1.7255968874718355,2.0480664583949304e-06
2024-11-13,2024-11-12,-5.917831781066736,-6.977906071904082,0.0026910285951770993,0.0009322532321175296,0.8265109349453019,3.093290777705321e-06
2024-11-14,2024-11-13,-6.279067875923911,-7.038453936162957,0.0018751476501304007,0.000877482157501189,0.3775776607942145,9.953364351830878e-07
2024-11-15,2024-11-14,-6.8553175590212,-7.228729429149462,0.0010538369270297,0.0007254420033021687,0.07927060064742708,1.0784322593001109e-07
2024-11-16,2024-11-15,-8.483224897189656,-7.299164429478163,0.0002069103609886001,0.0006761034713696387,0.49009414324651823,2.2014217482903345e-07
2024-11-17,2024-11-16,-7.986052347505467,-7.943696774058238,0.00034017432624389995,0.00035489209442564904,0.000884477680938689,2.1661270025170586e-10
2024-11-18,2024-11-17,-6.313933799544504,-7.739057973913878,0.0018108955092859002,0.0004354816169565361,1.7332492745592543,1.8917633752126115e-06
2024-11-19,2024-11-18,-7.196192526153115,-7.030789823048039,0.0007494338327651002,0.0008842331170261732,0.012955043748395845,1.817084703729754e-08
2024-11-20,2024-11-19,-8.156865979818138,-7.085030798767567,0.00028675969866170004,0.0008375489914120185,0.4142148715093823,3.03368845008396e-07
2024-11-21,2024-11-20,-7.040437674924414,-7.1750275234560785,0.0008757431875341999,0.0007654646495749629,0.00947757981232833,1.2161355934426865e-08
2024-11-22,2024-11-21,-7.559046450236287,-6.94334499376653,0.0005213721612307997,0.0009650361523358823,0.15596329634242156,1.9683773700329073e-07
2024-11-23,2024-11-22,-8.916806285442396,-7.3762791116984925,0.00013411588940890002,0.0006259255574803375,0.7547954143985394,2.4187674960853754e-07
2024-11-24,2024-11-23,-7.587764741646918,-7.36313316717907,0.0005066121984415001,0.0006342082628432898,0.023442072913907985,1.628075565082566e-08
2024-11-25,2024-11-24,-6.730684739886714,-7.584802521704587,0.0011937152937544003,0.0005081151200920146,0.49518282275413705,4.7004759812589337e-07
2024-11-26,2024-11-25,-6.616457190447188,-7.02864652445105,0.0013381634156756003,0.000886130325040673,0.09793093482020554,2.0433391502896442e-07
2024-11-27,2024-11-26,-7.685046984089861,-6.891417695282863,0.00045964919265520013,0.0010164717717935803,0.24582998949549495,3.100513846383178e-07
2024-11-28,2024-11-27,-8.136518916342414,-7.316806698271514,0.0002926541807940001,0.0006642800746346572,0.26027072330547596,1.3810580497286738e-07
2024-11-29,2024-11-28,-7.768375437620337,-7.271204070453407,0.0004228997360535998,0.0006952743302800797,0.10542016452777814,7.418791958003959e-08
2024-11-30,2024-11-29,-8.542730029426364,-6.669705905809906,0.00019495729382210017,0.0012687718345687977,1.026682467177125,1.1530776679190411e-06
2024-12-01,2024-11-30,-8.44716475464655,-7.830836416079096,0.00021450773607120002,0.0003972930389933572,0.15625167229207504,3.341046696434477e-08
2024-12-02,2024-12-01,-6.838616206811213,-7.39410264573813,0.0010715852264698005,0.0006148681854461676,0.18730197907098445,2.0859045556138276e-07
2024-12-03,2024-12-02,-7.216757398881999,-7.481760977169896,0.0007341792136382002,0.0005632646455251523,0.03843200767924371,2.9211789593269694e-08
2024-12-04,2024-12-03,-6.986945786320486,-7.016494846228421,0.0009238639048256,0.0008969639858833139,0.0004409021938367452,7.236056391015643e-10
2024-12-05,2024-12-04,-5.927662017422849,-7.059033370680285,0.0026647047448609003,0.0008596086153976126,0.9685330533984977,3.258372036603342e-06
2024-12-06,2024-12-05,-7.050258669563131,-5.993650293791802,0.0008671846140276002,0.0024945416008025417,0.4042412550888448,2.6482907624052175e-06
2024-12-07,2024-12-06,-8.608280322002438,-7.270431108459964,0.00018258763251929985,0.00069581195866879,0.6002587683130955,2.633992089515983e-07
2024-12-08,2024-12-07,-8.072488900461895,-7.453066333805225,0.0003120057625974003,0.0005796614488049281,0.1576778006646231,7.16395663592226e-08
2024-12-09,2024-12-08,-6.54258376213653,-7.541843845306969,0.0014407611017576995,0.0005304187095458861,0.7170108631619607,8.287232710579272e-07
2024-12-10,2024-12-09,-6.556886875110395,-6.862696695282333,0.0014203004075789996,0.0010460891418858937,0.05191421589450851,1.400340713716363e-07
2024-12-11,2024-12-10,-7.239827666844698,-7.1796328613427995,0.0007174353873604999,0.0007619475311988362,0.0017759037090083751,1.981330949084744e-09
2024-12-12,2024-12-11,-7.1621144016144465,-7.255580296218472,0.0007754132835788003,0.000706222442157805,0.004507247416611904,4.787372536545316e-09
2024-12-13,2024-12-12,-7.538970091501297,-6.585355480664103,0.0005319451946516997,0.001380436561863944,0.338960283947209,7.199376002337034e-07
2024-12-14,2024-12-13,-8.384657162464817,-7.136031357352319,0.00022834403006559997,0.0007959044974845474,0.5355246756395524,3.221248841768141e-07
2024-12-15,2024-12-14,-8.014688118812776,-7.752355651535039,0.0003305713229383998,0.00042972905542635806,0.03158774996953673,9.832255912153492e-09
2024-12-16,2024-12-15,-7.236201991624658,-7.406240607360143,0.0007200412963015002,0.0006074500506026403,0.01531197737436707,1.2676788608021038e-08
2024-12-17,2024-12-16,-7.292001310461847,-6.737689631964459,0.0006809638680199002,0.001185382665603004,0.12877925789862754,2.5443832335518415e-07
2024-12-18,2024-12-17,-6.704567098310052,-7.282692311755417,0.0012253030249004,0.0006873325568533476,0.20456779944001457,2.8941222449076455e-07
2024-12-19,2024-12-18,-6.459120288586987,-7.114268344331656,0.0015661728847088004,0.0008134156338279745,0.2702793973712416,5.666434787536585e-07
2024-12-20,2024-12-19,-6.1361042206094965,-6.9846672986954585,0.0021633350993166003,0.000925971317244793,0.4877241539255406,1.531069129183047e-06
2024-12-21,2024-12-20,-7.7744650577961645,-7.161474200344748,0.00042033226269159985,0.0007759098630859434,0.154719128370717,1.2643542990219946e-07
2024-12-22,2024-12-21,-7.173190406730881,-7.40056243989368,0.0007668721899973999,0.0006109090648549,0.02792471816282882,2.4324496404215097e-08
2024-12-23,2024-12-22,-6.679392190342277,-7.269511294685477,0.0012565414785517,0.0006964522705315166,0.2140840712346832,3.1369992094067613e-07
2024-12-24,2024-12-23,-6.806880052770344,-6.54156312707747,0.0011061386160472004,0.0014422323437227327,0.03227978307528456,1.1295899378283481e-07
2024-12-25,2024-12-24,-8.388613500350928,-7.00395275416292,0.00022744240866389982,0.000908284634685167,0.6350695662181527,4.6354613673359433e-07
2024-12-26,2024-12-25,-7.291376464377446,-7.267259084375138,0.0006813894985894,0.0006980225952027916,0.0002885034805324427,2.7665990295041927e-10
2024-12-27,2024-12-26,-7.235484363898412,-7.441939546299,0.000720558203351,0.0005861472346372432,0.02285741661847962,1.806630851057052e-08
2024-12-28,2024-12-27,-9.647303170681537,-6.993096994232014,6.459954628311741e-05,0.0009181984683675943,1.72456094339059,7.286311197837809e-07
2024-12-29,2024-12-28,-8.662492268950343,-7.890381727707876,0.00017295272461189998,0.0003743266568531907,0.2341475755860869,4.0551460586319936e-08
2024-12-30,2024-12-29,-6.575410065716856,-7.0896133432267145,0.0013942340735421997,0.0008337196666488714,0.15810224925762606,3.141764003349796e-07
2024-12-31,2024-12-30,-7.632818399836694,-6.897819196109274,0.0004842939989395001,0.0010099856096424092,0.21450509605432422,2.7635166956341887e-07
2025-01-01,2024-12-31,-8.1728798995656,-7.708406294915845,0.00028220412550629994,0.00044903653899913855,0.09293952701929431,2.7833054191845477e-08
2025-01-02,2025-01-01,-7.634987296790435,-7.10508507464095,0.0004832447534245,0.0008209198528602965,0.11856479727725011,1.1402447277897506e-07
2025-01-03,2025-01-02,-8.696539431723991,-7.35397956561324,0.00016716329118890002,0.0006400402035009812,0.6037362174663374,2.2361257419780768e-07
2025-01-04,2025-01-03,-9.171557411636146,-7.683336286723768,0.00010395448367060009,0.00046043618628043595,0.7139952152005087,1.2707920429560743e-07
2025-01-05,2025-01-04,-9.467809077681563,-7.720562238029546,7.730058166067397e-05,0.0004436111187331395,0.9215000559738216,1.3418340957031812e-07
2025-01-06,2025-01-05,-7.52715911165198,-7.835400214884835,0.0005382652381096998,0.0003954840046707301,0.05278790337629413,2.038648062235357e-08
2025-01-07,2025-01-06,-7.313187566380257,-7.438989910825059,0.0006666885474991001,0.0005878787076652463,0.008255626018284445,6.210990854637693e-09
2025-01-08,2025-01-07,-7.343520093101871,-6.820444405689192,0.0006467698191789001,0.0010912358630801576,0.11577052249977715,1.975500641812345e-07
2025-01-09,2025-01-08,-6.700926329438809,-7.747254228354863,0.0012297722006926997,0.00043192688645753375,0.8008484509081082,6.365571454470108e-07
2025-01-10,2025-01-09,-6.832337297096955,-7.294155603381456,0.0010783347811051,0.0006794984514155703,0.12513854426162374,1.590704178802153e-07
2025-01-11,2025-01-10,-9.16312570058207,-7.173358128104856,0.00010483470350450001,0.0007667435799256607,1.1264948859839525,4.3812336068512336e-07
2025-01-12,2025-01-11,-8.885182290999587,-7.838396337930846,0.00013842494521909999,0.0003943008592397206,0.3978503924909016,6.547248337588803e-08
2025-01-13,2025-01-12,-6.878707620288706,-7.314632554315941,0.0010294736566754002,0.0006657258862755342,0.11046769281747326,1.323124404708736e-07
2025-01-14,2025-01-13,-7.412287032964815,-7.761552660998506,0.0006037882306800998,0.00042579495196074413,0.06876008151771407,3.168160726926622e-08
2025-01-15,2025-01-14,-7.1493601415864205,-7.631196976927821,0.0007853664439002,0.00048507988127564726,0.1372086297690731,9.017201969286945e-08
2025-01-16,2025-01-15,-7.103753580416022,-7.673306310121513,0.0008220136309215003,0.00046507758812107196,0.1979234402274761,1.274033386500292e-07
2025-01-17,2025-01-16,-6.94581212746871,-7.283589092528459,0.0009626582136730999,0.0006867164465309119,0.06405078837967437,7.614385885355346e-08
2025-01-18,2025-01-17,-7.367795927137095,-7.226084775218982,0.0006312579855130001,0.0007273630855266636,0.009583073502831052,9.236190248636275e-09
2025-01-19,2025-01-18,-6.522372823536299,-7.8273515200548935,0.0014701764909372005,0.00039867997919294123,1.382631163280097,1.1481047746801156e-06
2025-01-20,2025-01-19,-5.1280705350160884,-6.93451223467805,0.005927987290217199,0.0009735978401807215,3.282301040608049,2.454597482263275e-05
2025-01-21,2025-01-20,-6.725785537124217,-6.702471149051597,0.0011995778963322995,0.0012278738911282523,0.00026968234516333567,8.006633214925921e-10
2025-01-22,2025-01-21,-7.974673031461986,-7.068504303416475,0.0003440673855795,0.0008515057514293892,0.31023815986671766,2.5749369513640605e-07
2025-01-23,2025-01-22,-6.587354861517407,-7.2409312351811455,0.0013776793007590005,0.0007166440850919339,0.2688272813415322,4.3696755635200524e-07
2025-01-24,2025-01-23,-7.651656682385547,-7.173948454625877,0.0004752561280128999,0.0007662910844287951,0.09791140596427095,8.470134585600204e-08
2025-01-25,2025-01-24,-8.858603923738858,-7.287223500323647,0.0001421533826599,0.0006842251688263672,0.7791387292488134,2.938418213577041e-07
2025-01-26,2025-01-25,-7.957754761816732,-7.856233479365365,0.00034993793008689995,0.00038733001384479057,0.0049832586279436875,1.3981679277571077e-09
2025-01-27,2025-01-26,-6.349061457034485,-7.3620751665233,0.0017483873030615003,0.0006348796106818759,0.7408739540241649,1.239899380988596e-06
2025-01-28,2025-01-27,-7.5627213249395355,-6.713691867994682,0.0005194597000444,0.0012141732724413644,0.27685946197940225,4.826269476725523e-07
2025-01-29,2025-01-28,-8.23476725879742,-7.815009957263394,0.0002652687065333001,0.00040363080078779104,0.07696368988430224,1.9144069126488632e-08
2025-01-30,2025-01-29,-8.079741061070353,-7.278624531230275,0.00030975123168760024,0.000690134169151233,0.24994416459665603,1.4469117911346194e-07
2025-01-31,2025-01-30,-7.304415552516962,-7.344271717547259,0.0006725624740974001,0.0006462838738193491,0.0008049086503014724,6.905648325735836e-10
2025-02-01,2025-01-31,-8.797811136674646,-6.502751421690404,0.0001510633705493999,0.001499308283315059,1.3958151514444799,1.8177643447984802e-06
2025-02-02,2025-02-01,-6.8104147883884405,-7.643279723745009,0.0011022356105925,0.0004792540507787842,0.46703316422459507,3.8810602386793033e-07
2025-02-03,2025-02-02,-5.615577100902469,-6.965109442662751,0.003640708035861902,0.0009442595876883579,1.5060893514359242,7.2708342336575135e-06
2025-02-04,2025-02-03,-6.702523283688939,-7.068246090446338,0.0012278098780369004,0.0008517256496476189,0.07583273919725064,1.4143934684316125e-07
2025-02-05,2025-02-04,-7.951543485352089,-7.516374678028018,0.00035211825560869996,0.0005441015378705588,0.08232428545640857,3.685758066803657e-08
2025-02-06,2025-02-05,-7.710560531660843,-7.05673046187898,0.0004480702491691999,0.0008615904968138769,0.17388025466799073,1.70998995212115e-07
2025-02-07,2025-02-06,-7.060549595230205,-7.473908821340713,0.0008583062433054,0.0005677048972550167,0.09852872177706629,8.44491423262946e-08
2025-02-08,2025-02-07,-9.23855954949455,-6.740660923532947,9.721752644865937e-05,0.0011818657755236124,1.5801563748839098,1.1764618242213614e-06
2025-02-09,2025-02-08,-7.829000615696909,-7.8542088769481895,0.00039802305958720004,0.00038811499749882866,0.00032040834244551064,9.81696943470222e-11
2025-02-10,2025-02-09,-7.658232305453152,-7.224226801173223,0.0004721412751272998,0.0007287157634925639,0.08191424180136009,6.583046807989702e-08
2025-02-11,2025-02-10,-7.550045805187608,-7.156293162238005,0.0005260860290949,0.0007799403135970017,0.0682735677836599,6.444199776007397e-08
2025-02-12,2025-02-11,-7.5434319510193575,-7.389418068132259,0.0005295770170884999,0.0006177553404491599,0.011274025676712984,7.775416710697104e-09
2025-02-13,2025-02-12,-8.165089627577647,-7.302256994080945,0.00028441115792979986,0.0006740158074878341,0.2847978345701505,1.5179178295723867e-07
2025-02-14,2025-02-13,-7.889337572353864,-7.425927140435815,0.00037471771616390004,0.0005956084079769478,0.09254485687225333,4.8792697729646825e-08
2025-02-15,2025-02-14,-10.185734577946551,-6.902875848963664,3.770436913890885e-05,0.0010048913538230275,2.3203796661900555,9.354506633423575e-07
2025-02-16,2025-02-15,-8.97115841664767,-7.7812018050972185,0.00012702096369700004,0.00041751010720288075,0.49419124223886657,8.438394249478015e-08
2025-02-17,2025-02-16,-8.082357966685958,-7.657182466255208,0.00030894170164380005,0.0004726372078241378,0.07883063202853657,2.6796218743637e-08
2025-02-18,2025-02-17,-7.708560627309382,-7.856137277340422,0.00044896724346269986,0.0003873672775688376,0.01144542942356841,3.7945557981249926e-09
2025-02-19,2025-02-18,-8.300350146683039,-7.765787969876787,0.00024842982499789985,0.00042399539235578033,0.12048804035163752,3.082326844169447e-08
2025-02-20,2025-02-19,-8.578627687974237,-8.016328684751764,0.00018808290882230016,0.0003300294435015914,0.13219649429786884,2.014881870745922e-08
2025-02-21,2025-02-20,-7.481807168308371,-7.622510330657783,0.0005632386282908001,0.000489311953261287,0.010379719293904355,5.46515328091923e-09
2025-02-22,2025-02-21,-10.036665797993832,-6.702786260285328,4.376545291696464e-05,0.001227487035226074,2.3695341296475947,1.4011967844243815e-06
2025-02-23,2025-02-22,-9.310288036836676,-7.669105653925678,9.04884774067645e-05,0.0004670353281908571,0.8349333746875711,1.417875308354177e-07
2025-02-24,2025-02-23,-7.41719156570895,-7.524275505847585,0.0006008341815690002,0.0005398196229140564,0.005943717179226482,3.722776367857588e-09
2025-02-25,2025-02-24,-6.500526065461399,-7.857291291666245,0.0015026484935429004,0.0003869205080199801,1.5268443887819023,1.244848937679034e-06
2025-02-26,2025-02-25,-6.832062217928646,-7.195173436427003,0.0010786314493415998,0.0007501979623766585,0.07468448297874053,1.0786855535995026e-07
2025-02-27,2025-02-26,-6.894480374214421,-7.181149620082086,0.0010133634075042,0.0007607927166309499,0.04531429203129411,6.379195388819088e-08
2025-02-28,2025-02-27,-5.991658581169693,-7.37259284385505,0.0024995149619042004,0.0006282371446824548,1.5976822282353598,3.5016806692261806e-06
2025-03-01,2025-02-28,-7.4922807855251605,-6.808425581562206,0.0005573702676228998,0.0011044303673820922,0.18852288933030747,2.992747527485375e-07
2025-03-02,2025-03-01,-5.5060953343152566,-7.6728721313428006,0.004061936964377399,0.00046527955878280353,5.563321301401375,1.2935944493218442e-05
2025-03-03,2025-03-02,-5.274351962432884,-7.554564097536096,0.005121274411368503,0.0005237143805504889,6.498540795282477,2.1137558236975333e-05
2025-03-04,2025-03-03,-5.83451659088943,-6.155850281757354,0.002924836811223401,0.002121036739521379,0.05763194363911461,6.460945552681761e-07
2025-03-05,2025-03-04,-6.9107540529918,-7.200878535636552,0.0009970057178219996,0.0007459301941706664,0.04646933263994324,6.303891857679114e-08
2025-03-06,2025-03-05,-6.589662121131858,-7.107234793265576,0.0013745043011294002,0.0008191570016591946,0.16037701339712962,3.084106230288502e-07
2025-03-07,2025-03-06,-5.269273973963913,-6.281780018002711,0.005147346324188098,0.001870068873579484,0.7399841030682397,1.0740547488267697e-05
2025-03-08,2025-03-07,-8.69614196503816,-6.8076846684016985,0.0001672297462341999,0.001105248957590832,1.0397624211110519,8.798800408741179e-07
2025-03-09,2025-03-08,-6.858599047821593,-7.725929498116486,0.0010503844407019002,0.0004412365207245106,0.5132166107744718,3.7106118841278024e-07
2025-03-10,2025-03-09,-6.00034416934617,-6.369249997075641,0.002477899212940801,0.0017134438316606135,0.07724555613244855,5.843920299682366e-07
2025-03-11,2025-03-10,-6.267886157442407,-6.60698220701416,0.0018962326870494,0.0013509027490498202,0.0645820819705345,2.973847412786257e-07
2025-03-12,2025-03-11,-6.682838741972847,-7.456331546009749,0.0012522181979544,0.0005777718178696696,0.39383007757964084,4.5487791960939677e-07
2025-03-13,2025-03-12,-7.207545428051987,-6.8735727586752065,0.0007409736983873998,0.0010347734566620332,0.05004604950608549,8.6318297962233e-08
2025-03-14,2025-03-13,-7.677781127628595,-6.612257344716006,0.0004630011002048001,0.0013437953138580407,0.4100711711757523,7.757984468050304e-07
2025-03-15,2025-03-14,-9.278558992734352,-7.5796948766278724,9.340562471690321e-05,0.0005107170309455774,0.8817554253209856,1.7414880976855355e-07
2025-03-16,2025-03-15,-7.379723891988884,-7.819380199787027,0.0006237730909723002,0.00040187068516578183,0.11251721164540296,4.9240677702720765e-08
2025-03-17,2025-03-16,-7.9024689043624905,-7.124371962800253,0.0003698293391169,0.0008052385711297776,0.23737622406120495,1.8958119932204387e-07
2025-03-18,2025-03-17,-7.44465996954306,-7.5109689983607355,0.0005845548330609,0.0005470507405315499,0.0022478396681087087,1.4065569564500556e-09
2025-03-19,2025-03-18,-7.431960059563908,-7.3635590750355275,0.0005920259677712002,0.0006339382060752465,0.0022869196385018054,1.7566357196551633e-09
2025-03-20,2025-03-19,-7.164610812800322,-7.407175540178151,0.0007734799473890997,0.0006068823910181681,0.03194896981491535,2.7754745788765707e-08
2025-03-21,2025-03-20,-8.124391920295196,-7.221400359481317,0.00029622480359289984,0.0007307783496246393,0.3083468415355002,1.8883678436875912e-07
2025-03-22,2025-03-21,-10.291882868139524,-7.4453223849994785,3.390721046407704e-05,0.0005841677431256887,1.9046042643291279,3.027866538050406e-07
2025-03-23,2025-03-22,-8.875919576326854,-7.498976948711892,0.00013971309265129993,0.0005536504933623107,0.6292916620535118,1.713441717073879e-07
2025-03-24,2025-03-23,-7.783297341938293,-7.468015058450356,0.0004166361154525001,0.0005710606947344257,0.044865226835093974,2.3846950686399712e-08
2025-03-25,2025-03-24,-8.350332806386326,-7.79504552066374,0.00023631785724779998,0.0004117700396366096,0.12919475132066172,3.078346830499611e-08
2025-03-26,2025-03-25,-7.9341848345935775,-7.425588102105636,0.0003582839123543001,0.0005958103762925942,0.10993562566034054,5.6418821071029724e-08
2025-03-27,2025-03-26,-8.316552376180587,-7.070562819439897,0.00024443714049819995,0.0008497547160815289,0.533645755766873,3.664093673100792e-07
2025-03-28,2025-03-27,-8.13190688518854,-8.159924369775458,0.00029400702828250014,0.00028588401545209243,0.0003961711266200485,6.598333744296822e-11
2025-03-29,2025-03-28,-8.139896010201063,-6.843496837848826,0.0002916675271061001,0.0010663679564954483,0.5699141424692646,6.001607552960405e-07
2025-03-30,2025-03-29,-8.643929174964677,-7.627870533661951,0.0001761932462948999,0.00048669615871735935,0.3780777510432669,9.641205862282954e-08
2025-03-31,2025-03-30,-7.260236072237517,-7.861793942110273,0.0007029420709099002,0.00038518225652891923,0.22340155257975414,1.0097129963543545e-07
2025-04-01,2025-03-31,-7.827268802739685,-7.338687084316302,0.00039871295829440017,0.0006499032291971328,0.10207766525437334,6.309655219618821e-08
2025-04-02,2025-04-01,-6.5953640045622475,-7.962635748028483,0.0013666893390043003,0.0003482340495666132,1.5573560987634725,1.0372511765836029e-06
2025-04-03,2025-04-02,-7.328462984827862,-7.027802773477696,0.0006565819884410999,0.0008868783138787237,0.040989526131402165,5.3036397510071955e-08
2025-04-04,2025-04-03,-6.732095507980359,-6.4302664970201215,0.0011920324256524998,0.0016120211783977765,0.04129352152630816,1.7639055243253322e-07
2025-04-05,2025-04-04,-8.685442381006029,-6.07489258174331,0.00016902864151069986,0.0022998932233771726,1.68404396518451,4.540583866252977e-06
2025-04-06,2025-04-05,-6.802566856403845,-7.182202822308033,0.0011109199130307,0.0007599918698491434,0.08211633820400088,1.231504914912365e-07
2025-04-07,2025-04-06,-5.833963642733379,-6.667106387060251,0.0029264545415642012,0.0012720743213201966,0.46739454540735914,2.7369739131346015e-06
2025-04-08,2025-04-07,-6.59688911820073,-6.688109149819419,0.0013646065710863995,0.0012456358583819193,0.004289986299409243,1.415403048141197e-08
2025-04-09,2025-04-08,-5.526820271461712,-7.065329692248255,0.003978619928458198,0.0008542132464457591,2.1191326600970974,9.76191711460398e-06
2025-04-10,2025-04-09,-6.572036995363716,-8.539637291317113,0.0013989448636076997,0.00019556117902241828,4.185886174378782,1.448132292326048e-06
2025-04-11,2025-04-10,-6.743322639771665,-6.363968668377786,0.0011787241670868,0.0017225170299226518,0.06365733570337229,2.957106776712115e-07
2025-04-12,2025-04-11,-8.281452487728691,-6.795903007230203,0.00025316920767979976,0.0011183476369041102,0.7119274659188775,7.485337143950452e-07
2025-04-13,2025-04-12,-7.602082209195321,-7.489216890583669,0.0004994104729888999,0.0005590806103836941,0.006136296689514875,3.560525296713613e-09
2025-04-14,2025-04-13,-7.106486207540812,-7.126882958925292,0.0008197704404741002,0.0008032191566299814,0.00020943267735185067,2.73944996888586e-10
2025-04-15,2025-04-14,-8.607093821390546,-7.454717479036393,0.0001828044014298001,0.0005787051332932054,0.4682616858986257,1.567373894899799e-07
2025-04-16,2025-04-15,-7.050669103099706,-7.715867139234616,0.0008668287654106998,0.00044569881389455306,0.27967739072285447,1.7735043606399212e-07
2025-04-17,2025-04-16,-8.535516200713309,-7.830289682211177,0.0001963687672890001,0.0003975103119430913,0.1992233079928314,4.045792098583377e-08
2025-04-18,2025-04-17,-10.45754543390908,-7.875201950692296,2.8730668010834532e-05,0.00038005219831434365,1.657940363273235,1.234268176547995e-07
2025-04-19,2025-04-18,-9.287021659674924,-7.974715863207246,9.261849931222495e-05,0.00034405264888849,0.581504631853986,6.321913157313962e-08
2025-04-20,2025-04-19,-8.911039371634327,-7.769634812142781,0.00013489155864249998,0.0004223674821243318,0.4607748529313582,8.264240658173203e-08
2025-04-21,2025-04-20,-7.166502196869486,-8.135053035696334,0.0007720183823648999,0.00029308349147585483,0.6655730248713299,2.293786297109015e-07
2025-04-22,2025-04-21,-6.974153835274231,-7.523766197371112,0.0009357578377864,0.00054009462764895,0.18296877577090442,1.5654937585627187e-07
2025-04-23,2025-04-22,-8.146095826200547,-8.089363913829137,0.00028986483605569996,0.000306784836674906,0.0015792676471364508,2.8628642095393283e-10
2025-04-24,2025-04-23,-8.609129846634158,-6.616495468451558,0.00018243258569539995,0.0013381121944308575,1.1289702346385022,1.3355953580469403e-06
2025-04-25,2025-04-24,-7.563296604484018,-7.577913119575996,0.0005191609514449999,0.0005116278157746716,0.00010734073776452746,5.674813302757212e-11
2025-04-26,2025-04-25,-9.442959276207311,-7.001344469023695,7.924555174305987e-05,0.0009106567922868672,1.528635124510883,6.912446509025926e-07
2025-04-27,2025-04-26,-8.862573167699939,-7.727720465939003,0.00014159025953009994,0.00044044698753907855,0.45632232554985186,8.931534387623264e-08
2025-04-28,2025-04-27,-7.609348999298902,-7.754982459719375,0.0004957945160184,0.00042860172092049916,0.011138610574475516,4.514871713068491e-09
2025-04-29,2025-04-28,-8.674199352022766,-7.528595346016219,0.00017093975866769987,0.0005374927179704311,0.4636358995547749,1.3436107197358974e-07
2025-04-30,2025-04-29,-7.6899422917522875,-7.857621679724669,0.0004574045669894999,0.0003867926952196449,0.014877972564207642,4.98603643484245e-09
2025-05-01,2025-04-30,-8.162937058806,-7.797202960526212,0.00028502403189670006,0.0004108826281515901,0.0594214021461017,1.584038625125142e-08
2025-05-02,2025-05-01,-8.279767068262098,-7.388527617476061,0.00025359626377399985,0.0006183056660799791,0.3013866266433691,1.3301294813038465e-07
2025-05-03,2025-05-02,-9.543385779829539,-7.8939842201228485,7.167376478987664e-05,0.00037298057399358364,0.8415666497164822,9.07857932725191e-08
2025-05-04,2025-05-03,-8.702354648525084,-7.734780395340372,0.0001661940213979001,0.00043734841362860516,0.3475781087346661,7.352470442600305e-08
2025-05-05,2025-05-04,-8.125938287003297,-8.482791526204418,0.0002957670854097998,0.0002070000493683648,0.07197271243379744,7.879586687581417e-09
2025-05-06,2025-05-05,-7.6499466538761745,-7.222159547550157,0.0004760695248087001,0.0007302237619654418,0.07973735008734417,6.45943762647253e-08
2025-05-07,2025-05-06,-8.357542843360031,-8.287327101745602,0.00023462012447220002,0.0002516862963343399,0.0024084540109734487,2.9125422202809583e-10
2025-05-08,2025-05-07,-7.391606402883953,-7.60507563010595,0.0006164049630473999,0.000497917762506082,0.024496127033356352,1.4039216692118496e-08
2025-05-09,2025-05-08,-8.03500099813226,-7.390233968612489,0.0003239242071352999,0.0006172515191321991,0.16955189373886626,8.604091196332625e-08
2025-05-10,2025-05-09,-8.271375930575983,-8.022991833301795,0.00025573317797209996,0.0003278377182978924,0.02844443106930039,5.199064735593827e-09
2025-05-11,2025-05-10,-8.365717294257118,-7.916030551421808,0.0002327100513210001,0.00036484770011355476,0.08751476659915203,1.7460358228424527e-08
2025-05-12,2025-05-11,-7.462015933970512,-7.698748760742972,0.0005744968556006001,0.0004533941326556102,0.030369650988848917,1.4665869504690981e-08
2025-05-13,2025-05-12,-8.03156601534103,-7.2733436561841005,0.00032503879441059984,0.0006937883215325416,0.22672094506963925,1.3597621375265564e-07
2025-05-14,2025-05-13,-8.929137881549003,-8.390750978918742,0.00013247218202660005,0.0002269567745910776,0.12207612669675272,8.927338232075328e-09
2025-05-15,2025-05-14,-7.419375611884632,-7.417096193220857,0.0005995233639366998,0.0006008914873524818,2.5962808865021003e-06,1.8717616808110252e-12
2025-05-16,2025-05-15,-8.736602562152898,-7.524271903643883,0.00016059858581060008,0.000539821567457803,0.5098338813176162,1.4381006980939477e-07
2025-05-17,2025-05-16,-8.935074161521708,-7.427999851779562,0.00013168811957509996,0.0005943751621960779,0.7286316792203964,2.140792994093467e-07
2025-05-18,2025-05-17,-7.477661154573874,-8.043779362623313,0.0005655786709520002,0.0003210931266857921,0.19529786662057091,5.977318135514398e-08
2025-05-19,2025-05-18,-7.173227857032178,-7.939853613884649,0.0007668434709405999,0.00035625862580639816,0.3858648781624314,1.6857991505387643e-07
2025-05-20,2025-05-19,-7.258308056098286,-7.61177988557689,0.000704298661912,0.0004945907596229314,0.07053095627638717,4.3977404282481544e-08
2025-05-21,2025-05-20,-6.577741216578559,-7.729516802918362,0.0013909876889565001,0.0004396565065256146,1.012029456756875,9.050310186653468e-07
2025-05-22,2025-05-21,-7.726431694261702,-6.85667934919113,0.0004410149890755,0.0010524027989741356,0.28880771778514625,3.737950540926502e-07
2025-05-23,2025-05-22,-7.30371845420322,-7.425524683562845,0.0006730314797165,0.0005958481629166123,0.007728958713412393,5.957264392231816e-09
2025-05-24,2025-05-23,-8.255971923694183,-7.0034494640089475,0.0002597029906188999,0.0009087418804528029,0.5383055490606181,4.212514805168252e-07
2025-05-25,2025-05-24,-7.913032243415141,-7.681909609012472,0.0003659432674975001,0.0004610935491358434,0.02476481139500475,9.05357609585605e-09
2025-05-26,2025-05-25,-8.867400987376913,-7.692767437591413,0.0001409083347186001,0.0004561141560381166,0.48356586850442085,9.935470979371093e-08
2025-05-27,2025-05-26,-8.232414595261877,-7.487229017645931,0.0002658935292568999,0.0005601930969737374,0.219831879451301,8.661223555831739e-08
2025-05-28,2025-05-27,-8.394537940926984,-7.652716371049821,0.00022609892325859988,0.00047475277122926014,0.2180672904626555,6.182873611061623e-08
2025-05-29,2025-05-28,-8.091614689957607,-7.046863452382029,0.00030609510919019995,0.0008701338980250284,0.39653063004266986,3.1813975531026015e-07
2025-05-30,2025-05-29,-7.5120973212248625,-7.6142543927760515,0.0005464338387708,0.0004933684042149601,0.005400330476909465,2.8159403446001288e-09
2025-05-31,2025-05-30,-8.88946750964743,-7.565035158573681,0.00013783303320449993,0.0005182591461954214,0.5903863773961975,1.4472402744538134e-07
2025-06-01,2025-05-31,-9.03783668701213,-7.380186440133599,0.00011882761993620006,0.0006234846326044322,0.8482366617853376,2.5467870043522416e-07
2025-06-02,2025-06-01,-8.445134320160708,-8.010207870983061,0.00021494372244710002,0.0003320556870672216,0.08223883106846985,1.3715212257184603e-08
2025-06-03,2025-06-02,-7.944319722313896,-7.251597352512975,0.00035467108386069994,0.0007090408955330867,0.19293489079069914,1.2557796342472285e-07
2025-06-04,2025-06-03,-9.074265578309623,-8.28722140779147,0.00011457675865490002,0.0002517128994600701,0.24223265462779198,1.880632111493543e-08
2025-06-05,2025-06-04,-7.088232833579505,-7.467860305447961,0.0008348714195117999,0.0005711490749298594,0.08211239602916587,6.954947503179579e-08
2025-06-06,2025-06-05,-8.594778901136847,-7.570406787922517,0.00018506954194080004,0.0005154827138142689,0.3833940572659724,1.091728641474865e-07
2025-06-07,2025-06-06,-9.218543547431095,-7.573343261513921,9.918303787757602e-05,0.0005139712327365717,0.8381743519015514,1.7204924659438412e-07
2025-06-08,2025-06-07,-9.389823665236591,-7.972738383230595,8.357019126807614e-05,0.0003447336792526082,0.6595050746044266,6.820636745624684e-08
2025-06-09,2025-06-08,-7.868555454819131,-7.737050160737398,0.0003825866268865,0.0004363568610544608,0.008279955730277067,2.8912380824773408e-09
2025-06-10,2025-06-09,-8.515105495004711,-8.21560305755801,0.00020041797543340014,0.0002704013942502025,0.04068944896510596,4.897678909287967e-09
2025-06-11,2025-06-10,-9.093779744155025,-7.56009337401353,0.00011236256313759991,0.0005208266099435511,0.7494254268995251,1.6684287753309433e-07
2025-06-12,2025-06-11,-7.9418366314184405,-8.491433823928965,0.0003555528587104001,0.00020521880143686778,0.18295744169213712,2.2600328776321703e-08
2025-06-13,2025-06-12,-7.575556562389327,-7.889602806728984,0.0005128349177246,0.0003746183413240013,0.05490669858573094,1.910382199190253e-08
2025-06-14,2025-06-13,-9.379640250411933,-7.809763925207522,8.442556913454225e-05,0.000405753824764429,0.7779474342727213,1.0325184786614587e-07
2025-06-15,2025-06-14,-8.703417199001589,-8.1697458158937,0.00016601752564569987,0.0002830899642694997,0.12011946659721207,1.3705955885323375e-08
2025-06-16,2025-06-15,-8.155351584438739,-7.9684420871770465,0.00028719429521680017,0.00034621794333420004,0.01642835321452707,3.4837910370866415e-09
2025-06-17,2025-06-16,-8.307601936727961,-7.638764188639852,0.00024663478057530006,0.00048142303264076387,0.18114150720005084,5.512552330795577e-08
2025-06-18,2025-06-17,-8.164616136857427,-8.060168331892028,0.00028454585586040005,0.0003158736292204175,0.005269650969120354,9.814293836966194e-10
2025-06-19,2025-06-18,-9.218816118109821,-7.841552508873615,9.91560071736796e-05,0.0003930583401578276,0.6295317125082724,8.637858133352499e-08
2025-06-20,2025-06-19,-7.564832898916308,-8.24882214869563,0.0005183639797142,0.0002615664623317364,0.29777812558112116,6.594496493379672e-08
2025-06-21,2025-06-20,-8.12859295323781,-7.8491072314137265,0.00029498296376599984,0.00039010008193580774,0.03565830883034393,9.0472661689292e-09
2025-06-22,2025-06-21,-6.7593463118075405,-7.836081202460293,0.0011599871960559997,0.0003952147766581272,0.8583451495134389,5.848768534716754e-07
2025-06-23,2025-06-22,-6.993512964474014,-7.586243598608912,0.000917816604556,0.0005073834144763712,0.2161903859010268,1.6845540351894068e-07
2025-06-24,2025-06-23,-8.07243373405606,-6.8888183480724114,0.0003120229753086998,0.0010191173717849673,0.4897852672262908,4.99982485528137e-07
2025-06-25,2025-06-24,-8.793965170287613,-7.799678885409044,0.00015164547385220007,0.00040986657198704876,0.3642738545363533,6.667813552196714e-08
2025-06-26,2025-06-25,-8.94744173091407,-7.185972907676391,0.0001300694875218999,0.0007571320299282456,0.9332612784518477,3.932074320891101e-07
2025-06-27,2025-06-26,-8.73200124729038,-7.558995189901243,0.00016133925318550008,0.0005213988876274633,0.4824415511549711,1.2964294035448023e-07
2025-06-28,2025-06-27,-10.450331963439451,-8.003622811479172,2.89386651247107e-05,0.00033424950882100524,1.5332874585940584,9.321471127854321e-08
2025-06-29,2025-06-28,-9.362239740015474,-8.1065308933247,8.590747267655842e-05,0.0003015632156407082,0.5405829285864898,4.650739947341945e-08
2025-06-30,2025-06-29,-8.471636240793115,-8.831216303036573,0.00020932212160860013,0.00014610042897521977,0.07314727335802851,3.996982419429621e-09
2025-07-01,2025-06-30,-8.489016106959156,-8.227781669121068,0.00020571556268769982,0.0002671282523211391,0.031334881689173866,3.771518448013137e-09
2025-07-02,2025-07-01,-8.203606596628816,-8.331601982563964,0.0002736647894706001,0.00024078600076827506,0.00855231593568151,1.0810147465321349e-09
2025-07-03,2025-07-02,-8.233058765787382,-7.81593834927366,0.0002657223036375998,0.0004032562470704843,0.07606206881006417,1.8915585596199875e-08
2025-07-04,2025-07-03,-8.927699149932298,-7.881639358594801,0.00013266291111430005,0.00037761350514255794,0.39737925998913637,6.00007935147964e-08
2025-07-05,2025-07-04,-10.816994958690035,-7.731674798813947,2.005574405534949e-05,0.0004387087525814291,2.131035772718977,1.7527034154793767e-07
2025-07-06,2025-07-05,-9.420084202572982,-8.572558212601427,8.107919194513817e-05,0.0001892279447740806,0.2759999619029625,1.1696152738455681e-08
2025-07-07,2025-07-06,-9.20791866405134,-8.592481779410495,0.00010024246426279996,0.00018549515786511533,0.15584188160157186,7.268021766450264e-09
2025-07-08,2025-07-07,-8.76848466171768,-7.805937739876408,0.00015555912683779989,0.0004073092879443622,0.344466002132791,6.33781436171801e-08
2025-07-09,2025-07-08,-7.43313595469276,-8.865869166789267,0.0005913302164649998,0.00014112434641003218,1.7574006131016127,2.026853254319504e-07
2025-07-10,2025-07-09,-6.988320783050814,-8.312318764380946,0.0009225944679129996,0.0002454741861358538,1.4344183580595877,4.5849187599396134e-07
2025-07-11,2025-07-10,-8.059000012296647,-7.563653249113544,0.0003162428862342003,0.0005189758284933225,0.10470640564728795,4.110064587704059e-08
2025-07-12,2025-07-11,-9.446256595563028,-7.6545383104126286,7.898468416964539e-05,0.0004738885879515727,0.9583919918199444,1.5594909322220568e-07
2025-07-13,2025-07-12,-9.412453491708225,-7.545413757168151,8.170025036105408e-05,0.0005285285373846995,1.0216204792379182,1.9965551808448523e-07
2025-07-14,2025-07-13,-7.6411504256144465,-8.008688303541243,0.0004802756127521998,0.00033256065164485795,0.07663648834087966,2.1819709734943512e-08
2025-07-15,2025-07-14,-7.153380561027091,-7.7056255627159755,0.0007822152801257001,0.0004502869270534981,0.18490337952081237,1.1017643157322443e-07
2025-07-16,2025-07-15,-8.3823493571803,-7.029429456768005,0.00022887161216909982,0.0008854368164927175,0.6114043931028448,4.310778675285139e-07
2025-07-17,2025-07-16,-8.061973085365556,-8.041033744117332,0.00031530406930309985,0.0003219759372925506,0.00021771225515410109,4.4513822468657535e-11
2025-07-18,2025-07-17,-8.216209902221502,-8.192251545350777,0.00027023735238609995,0.0002767899769406855,0.0002847316201650685,4.29368885533577e-11
2025-07-19,2025-07-18,-9.661646453691407,-7.4166033358624155,6.367959007639494e-05,0.0006011877141364272,1.3509662396538675,2.88914983430535e-07
2025-07-20,2025-07-19,-9.42204848492259,-8.417776831861707,8.09200858352995e-05,0.00022090521676453644,0.3705832793291415,1.9595836881275607e-08
2025-07-21,2025-07-20,-8.187967077090944,-8.01041441479444,0.0002779784189144998,0.00033198711010234245,0.014869614443009382,2.916938723823754e-09
2025-07-22,2025-07-21,-7.6764981848590805,-7.557661770127734,0.00046359548531809997,0.0005220945949459774,0.006789481111534323,3.422145827254426e-09
2025-07-23,2025-07-22,-8.10153777481356,-8.107970127150493,0.0003030727219507998,0.0003011295078384782,2.0729863408064375e-05,3.776081086325773e-12
2025-07-24,2025-07-23,-8.27142945283693,-8.418608055165624,0.00025571949092050006,0.00022072167149452584,0.011382192055220619,1.2248473645730986e-09
2025-07-25,2025-07-24,-7.4819852365785575,-8.08696849562009,0.0005631383422917002,0.0003075205955322019,0.22623802288597217,6.534043245840303e-08
2025-07-26,2025-07-25,-9.942638730524735,-7.171336420868538,4.8080266229918286e-05,0.00076829527898168,1.8338828841920627,5.187096645930203e-07
2025-07-27,2025-07-26,-9.583971434668252,-8.140837462417961,6.882307790064053e-05,0.000291393065282727,0.6793206303480579,4.953739928326214e-08
2025-07-28,2025-07-27,-9.089766918612384,-8.146961832243603,0.00011281436038650001,0.0002896139200190898,0.33233892309077717,3.125808428627767e-08
2025-07-29,2025-07-28,-8.701602943394331,-7.9933982368861685,0.00016631899726310002,0.00033768459909915114,0.20073249265544124,2.9366169492632004e-08
2025-07-30,2025-07-29,-8.060632870391295,-8.977910308447333,0.0003157269278356,0.0001261662207070904,0.5851893539227517,3.59332616870606e-08
2025-07-31,2025-07-30,-8.342374653643908,-7.796679807384572,0.00023820601400640005,0.0004110976389262302,0.1251339709516699,2.989151396741923e-08
2025-08-01,2025-07-31,-7.459770951048464,-8.162916322488575,0.0005757880400314,0.0002850299423067788,0.316950950237078,8.454027139244038e-08
2025-08-02,2025-08-01,-8.828857139888974,-7.286339899836096,0.00014644551061499992,0.0006848300177021647,0.756359486223916,2.8985787747148946e-07
2025-08-03,2025-08-02,-9.839489736776672,-8.41328729424069,5.330450350809037e-05,0.0002218992086583103,0.6664222243388778,2.84241746046896e-08
2025-08-04,2025-08-03,-8.955763594239917,-8.158049891423572,0.00012899155843400012,0.00028642040141508895,0.2480713336309046,2.4783840602364325e-08
2025-08-05,2025-08-04,-8.08982438102969,-7.578659060070254,0.0003066436048388,0.0005112463141753323,0.11096161553774109,4.186226866784952e-08
2025-08-06,2025-08-05,-8.66401756258237,-8.70908850698476,0.0001726891220091999,0.0001650786539588724,0.0010311000330425202,5.79192239450555e-11
2025-08-07,2025-08-06,-8.219721422921651,-8.277401459725358,0.0002692900724990999,0.0002541968833958273,0.0016959199903585631,2.278043573071477e-10
2025-08-08,2025-08-07,-8.989408904052164,-7.842753694076513,0.00012472379518289995,0.0003925864877435577,0.46435300984135575,7.175042206584548e-08
2025-08-09,2025-08-08,-9.840416407252723,-8.442698607061592,5.325513067815387e-05,0.00021546790180354975,0.6448785397552912,2.631298311618007e-08
2025-08-10,2025-08-09,-8.319197597980791,-8.412718866150023,0.00024379140447940013,0.00022202537825758372,0.0045126439414631125,4.737598974887994e-10
2025-08-11,2025-08-10,-7.545163562709108,-8.137072380355603,0.0005286607888397999,0.0002924922520516207,0.21552609520386246,5.577557776866955e-08
2025-08-12,2025-08-11,-8.646733476363558,-7.907348479358723,0.00017569983948190004,0.00036802912483313696,0.21679257125814355,3.6990554003717515e-08
2025-08-13,2025-08-12,-7.782922440749326,-8.70160435152616,0.0004167923421104999,0.00016631876306419098,0.5873022838702173,6.273701380026757e-08
2025-08-14,2025-08-13,-7.537145008502358,-8.049520777931026,0.0005329169252576,0.00031925487981204564,0.15687626720787495,4.565146966397812e-08
2025-08-15,2025-08-14,-8.721701702604717,-7.7551522775810735,0.0001630095609725001,0.00042852894287241314,0.3469429215294215,7.050054216451186e-08
2025-08-16,2025-08-15,-9.64132683008897,-7.952229019123261,6.498677111504105e-05,0.00035187694937427076,0.87378411327107,8.230597438161258e-08
2025-08-17,2025-08-16,-9.323926190809926,-8.289018525282973,8.926275888654032e-05,0.00025126094803215815,0.3901671042089716,2.6243413286459374e-08
2025-08-18,2025-08-17,-8.076598787499556,-8.304248511327025,0.0003107260856231998,0.0002474632402256858,0.027995598586100456,4.002187607789759e-09
2025-08-19,2025-08-18,-7.926644834196817,-8.072245149500002,0.00036099558334889997,0.0003120818235717408,0.011133401335583937,2.3925558955376367e-09
2025-08-20,2025-08-19,-8.051147478948236,-7.971495154108135,0.0003187359697444998,0.00034516252872598865,0.003089693830434337,6.98363019602108e-10
2025-08-21,2025-08-20,-8.839166940734707,-8.217581465709925,0.0001449434428801999,0.0002698669587676058,0.15867786244741833,1.560588482167095e-08
2025-08-22,2025-08-21,-6.881054222803997,-7.5955104256097865,0.0010270607234081001,0.000502703298555272,0.32861895117128315,2.7495070899828925e-07
2025-08-23,2025-08-22,-9.183888461180791,-8.61828492067853,0.00010268048678450008,0.0001807700239156884,0.13362100135446564,6.09797580936324e-09
2025-08-24,2025-08-23,-7.9221123979704675,-8.331035229563811,0.00036263548637899994,0.00024092250563522265,0.09627252117517893,1.48140496815351e-08
2025-08-25,2025-08-24,-7.369303557909361,-7.6707225795906675,0.0006303069985975,0.00046628077697325783,0.05035654906263387,2.6904601380325013e-08
2025-08-26,2025-08-25,-8.018001586788086,-7.926767871555754,0.0003294777981264999,0.000360951170138035,0.004038089076244589,9.905731457764803e-10
2025-08-27,2025-08-26,-8.71927449457634,-8.01771774340644,0.0001634056996486001,0.00032957133149268315,0.1973697496100968,2.7611017206143345e-08
2025-08-28,2025-08-27,-8.422088438185506,-7.79500380056487,0.00021995481079550006,0.00041178721908173647,0.161231515397251,3.67996728688973e-08
2025-08-29,2025-08-28,-7.389598627377108,-8.167448264837104,0.0006176438090806998,0.00028374112566785563,0.398936297072213,1.1149100199029801e-07
2025-08-30,2025-08-29,-8.908141691733062,-7.3197335013272,0.00013528299806,0.000662338700078723,0.7926587915240946,2.7778771303044895e-07
2025-08-31,2025-08-30,-8.885945307781821,-8.359301877103018,0.0001383193649476999,0.00023420778252449182,0.11722758803847988,9.194588625381217e-09
2025-09-01,2025-08-31,-7.558693256247002,-7.7105496564787,0.0005215563392677,0.0004480751220412692,0.012136638463206895,5.399489285077914e-09
2025-09-02,2025-09-01,-7.232021168679561,-8.076406060291323,0.0007230579631553998,0.00031078597676534824,0.4821609777559446,1.6996819076199884e-07
2025-09-03,2025-09-02,-8.744798321566751,-7.7294038215051515,0.00015928773747539993,0.0004397061823452185,0.3776541353477578,7.863450422320747e-08
2025-09-04,2025-09-03,-8.098252576632076,-7.769246301263261,0.00030407001315849993,0.00042253160836664354,0.048644842457514326,1.4033149539258073e-08
2025-09-05,2025-09-04,-7.039681268705722,-7.902941763398121,0.0008764058557187999,0.00036965450331186015,0.5076174758963541,2.567969331662624e-07
2025-09-06,2025-09-05,-9.903856094923732,-7.7967516297637385,4.998157627578998e-05,0.0004110681139760215,1.2286942027667007,1.303834877083407e-07
2025-09-07,2025-09-06,-9.887047417725585,-8.341911488921609,5.082880087242571e-05,0.0002383163681828354,0.7584191368844642,3.5151587895975404e-08
2025-09-08,2025-09-07,-8.924356041828888,-8.071044347725234,0.00013310715973930006,0.00031245679706872197,0.2793136834597745,3.216629241019517e-08
2025-09-09,2025-09-08,-8.196360285146962,-7.703417144418245,0.00027565505209930006,0.0004512824478009435,0.10376922616577233,3.084498212094166e-08
2025-09-10,2025-09-09,-8.418957173639251,-8.320084293813897,0.00022064462693109993,0.00024357533146657811,0.004730771988816773,5.258172104933999e-10
2025-09-11,2025-09-10,-8.893884231266238,-8.535736197638709,0.0001372256054740001,0.0001963255715155947,0.05711778330249895,3.4928059861176354e-09
2025-09-12,2025-09-11,-8.887581474542733,-7.668522832283214,0.00013809323644279998,0.0004673076058248636,0.5145670079926639,1.0838210100762985e-07
2025-09-13,2025-09-12,-9.854167854200607,-8.50034172619059,5.2527807905687934e-05,0.00020339885041883508,0.6120767620351601,2.2762071469003855e-08
2025-09-14,2025-09-13,-9.308215556434245,-8.31473267055697,9.067620746907891e-05,0.00024488234908882087,0.3637679259301474,2.3779534113247917e-08
2025-09-15,2025-09-14,-8.502479867916232,-8.783758239169067,0.00020296441945279992,0.00015320123502504933,0.043543761789586855,2.4763745243903183e-09
2025-09-16,2025-09-15,-9.185744874453523,-7.701105554504992,0.00010249004618889993,0.00045232683438700525,0.7112235412215924,1.22385778376766e-07
2025-09-17,2025-09-16,-8.724566266260794,-8.284697416513316,0.00016254327787619993,0.00025234902307042477,0.08398988293552567,8.065071869890036e-09
2025-09-18,2025-09-17,-9.295185100069467,-8.024399316329502,9.186549146281448e-05,0.00032737661684590025,0.5513970390176945,5.5465490179207546e-08
2025-09-19,2025-09-18,-9.236966759415473,-8.418811990413522,9.737249694527084e-05,0.00022067666315528259,0.2594001251193774,1.5203917404746205e-08
2025-09-20,2025-09-19,-10.62983426183131,-8.105060326168665,2.418363817755874e-05,0.00030200701083643914,1.6048506534279836,7.718582639555513e-08
2025-09-21,2025-09-20,-10.102108504257611,-8.893251358844111,4.099303005960358e-05,0.0001373124792624271,0.5073959266368526,9.277436294735301e-09
2025-09-22,2025-09-21,-8.161090998528529,-8.632993932482547,0.0002855506894112998,0.0001781305352239775,0.1311385027549603,1.1539089525628092e-08
2025-09-23,2025-09-22,-8.807455010583679,-7.589177818687885,0.0001496135366957,0.0005058968219353049,0.5140165613376242,1.269377793411257e-07
2025-09-24,2025-09-23,-8.678823614365827,-8.621220177858646,0.00017015111323579997,0.0001802401953769565,0.0016277063297065464,1.0178957845100352e-10
2025-09-25,2025-09-24,-7.329396804244921,-8.451718804726728,0.0006559691456182001,0.00021353307810362634,0.9496560941817109,1.9574967383776045e-07
2025-09-26,2025-09-25,-8.435736676913049,-7.89084618160033,0.00021697320812390006,0.0003741528397485058,0.12479588980128309,2.4705436597646763e-08
2025-09-27,2025-09-26,-10.918517866496556,-8.349795166726064,1.8119572207304207e-05,0.00023644494526100135,1.6453564570451422,4.766596851903603e-08
2025-09-28,2025-09-27,-8.80421786803202,-8.644531487268516,0.0001500986417952001,0.00017608715488809035,0.012097544141690397,6.75402812779327e-10
2025-09-29,2025-09-28,-8.406305640129752,-8.687229495831993,0.0002234538528597999,0.00016872683767881936,0.0434287102477553,2.9950461906192747e-09
2025-09-30,2025-09-29,-8.56534301788747,-8.692544286305834,0.0001905981986206001,0.00016783246868641198,0.00844421512753013,5.182784594363894e-10
2025-10-01,2025-09-30,-7.781314658354283,-8.387426673659535,0.0004174629924860001,0.0002277125036315116,0.22717734078839635,3.600524802051735e-08
2025-10-02,2025-10-01,-8.27059504345373,-8.686184520656223,0.0002559329547089002,0.00016890324519036235,0.09967390861429282,7.574170338881079e-09
2025-10-03,2025-10-02,-8.341226134394212,-8.05767507149336,0.00023847975536740016,0.0003166621670377071,0.036655806318287576,6.112489494585351e-09
2025-10-04,2025-10-03,-9.607240473106533,-7.918188438262623,6.724011943968312e-05,0.0003640612489041101,0.8737467837979027,8.810278289653813e-08
2025-10-05,2025-10-04,-7.491282495555009,-8.757974747086713,0.000557926962596,0.00015720266155725305,1.2823997432220606,1.605799654429923e-07
2025-10-06,2025-10-05,-8.379338528243991,-7.810761243123862,0.00022956174385460013,0.0004053493609284081,0.13490798487936084,3.090128631648774e-08
2025-10-07,2025-10-06,-7.872621454509474,-8.81858195473402,0.0003810341880268,0.00014795802271512948,0.629324188676627,5.4324498836393165e-08
2025-10-08,2025-10-07,-7.9716323601807195,-7.443003930337996,0.00034511517357979995,0.0005855236807854469,0.11804133655140747,5.77962503368476e-08
2025-10-09,2025-10-08,-7.389328806306225,-8.545443356745988,0.0006178104848800001,0.00019442902787392485,1.021447328460591,1.7925185813658714e-07
2025-10-10,2025-10-09,-6.948843349642092,-8.300339832936995,0.0009597446008852,0.00024843238725323776,1.511704789197739,5.059650652620023e-07
2025-10-11,2025-10-10,-6.753374538369062,-6.633125189668481,0.0011669351017938002,0.0013160437661640075,0.006948669138262753,2.2233393790267126e-08
2025-10-12,2025-10-11,-7.5912920330928415,-7.179987065250333,0.0005048283774453002,0.0007616776941974315,0.0740897848493336,6.597157151603669e-08
2025-10-13,2025-10-12,-7.8297190244940875,-8.001686527212149,0.0003977372190072002,0.0003348973378743942,0.015671678792755328,3.948850660785183e-09
2025-10-14,2025-10-13,-7.579849503065665,-7.648356094600561,0.0005106380666955,0.00047682734412572757,0.0024010774474874097,1.1431649606901211e-09
2025-10-15,2025-10-14,-8.721562748975932,-7.389781561011873,0.00016303221331630003,0.0006175308315877215,0.5957879040278835,2.0656899401063125e-07
2025-10-16,2025-10-15,-7.0475653797015,-8.015943001456451,0.0008695233415786001,0.00033015675489427205,0.6652900688858128,2.909163148315028e-07
2025-10-17,2025-10-16,-6.94865896903834,-7.176609634729815,0.0009599215754889997,0.0007642545568263262,0.02807265966870598,3.828558219233905e-08
2025-10-18,2025-10-17,-8.786847107426851,-7.63045130270764,0.00015272874669589997,0.0004854417277308633,0.47101403077900894,1.1069792774917186e-07
2025-10-19,2025-10-18,-8.266866302412213,-7.960363450511505,0.00025688904381760016,0.0003490262406388116,0.04251934666565527,8.489263038070659e-09
2025-10-20,2025-10-19,-7.8281251991940195,-7.842962276000713,0.0003983716480998998,0.00039250460983795163,0.00011061201055206915,3.442213796716406e-11
2025-10-21,2025-10-20,-6.19180970157155,-7.633752681632653,0.0020461205331670992,0.000483841743172461,1.7869608694924564,2.440715017667111e-06
2025-10-22,2025-10-21,-8.333570748881174,-8.298411812681822,0.0002403124157423999,0.0002489118319689461,0.0006109088769856719,7.394995943738574e-11
2025-10-23,2025-10-22,-7.651607849573165,-7.681588359548779,0.0004752793366729001,0.00046124169898647144,0.00045393399127235945,1.9705527181544256e-10
2025-10-24,2025-10-23,-8.669774394718035,-7.8946196472104155,0.000171697835794,0.00037274364731651797,0.23578738596262427,4.0419418330747824e-08
2025-10-25,2025-10-24,-9.993902013953592,-7.711537630773023,4.5677623727131484e-05,0.00044763265394830864,1.3844072371143934,1.6156784632010747e-07
2025-10-26,2025-10-25,-8.31910319976975,-8.338356759292113,0.00024381441903809984,0.00023916502591876467,0.00018653694444026314,2.1616856378121215e-11
2025-10-27,2025-10-26,-8.467174516662666,-7.981091888062163,0.00021025814575759998,0.00034186593931322487,0.1011137272729623,1.732061132457998e-08
2025-10-28,2025-10-27,-7.694369711957503,-8.478599267133028,0.0004553839211923999,0.00020786966876437595,0.4064883346808388,6.126330515500354e-08
2025-10-29,2025-10-28,-7.621264697961562,-8.071865660653954,0.000489921835995,0.00031220027761741376,0.11865382083446074,3.158495231215781e-08
2025-10-30,2025-10-29,-6.655859669829701,-8.081250488156382,0.0012864617354441,0.00030928403747506293,1.734091287501787,9.548762534080665e-07
2025-10-31,2025-10-30,-7.398440483050095,-7.259509161499915,0.0006122067638696001,0.000703453232811186,0.009219136412135454,8.325918094307796e-09
2025-11-01,2025-10-31,-9.372666354856287,-7.8956407519246525,8.501640204481064e-05,0.0003723632312764007,0.7053415913867851,8.256820026944859e-08
2025-11-02,2025-11-01,-8.778370546336875,-8.075385703215318,0.00015402886372349993,0.0003111032512749823,0.19809028988793043,2.4672363224673276e-08
2025-11-03,2025-11-02,-6.971101612339869,-7.850962616387723,0.0009386183425483001,0.0003893769671410323,0.5307032580953641,3.0166608845926727e-07
2025-11-04,2025-11-03,-6.5387653714822465,-7.128872168691039,0.0014462730070905995,0.00080162297333761,0.21407418908561748,4.155736660177304e-07
2025-11-05,2025-11-04,-7.777360181440071,-7.132579364804168,0.00041911710867890007,0.0007986567014396804,0.16955842814987765,1.4405030247301902e-07
2025-11-06,2025-11-05,-7.347457097634149,-7.586649842452632,0.0006442284893654998,0.0005071773349499385,0.03103054385976667,1.8783018926638026e-08
2025-11-07,2025-11-06,-7.531266933077392,-7.23093159376454,0.0005360586758167998,0.0007238462183277081,0.04090521201076913,3.5264161122286185e-08
2025-11-08,2025-11-07,-8.956738985377013,-7.557774734329162,0.00012886580255170007,0.0005220356202780655,0.6458169041250554,1.545825055709834e-07
2025-11-09,2025-11-08,-8.129285624737053,-7.984428722322474,0.00029477870822340016,0.0003407270904661217,0.01000302656202745,2.111253830723249e-09
2025-11-10,2025-11-09,-7.21853135952027,-7.75370618615043,0.0007328779631366004,0.0004291490831862115,0.17257178422290043,9.225123251591774e-08
2025-11-11,2025-11-10,-7.976132102837437,-7.276985169120635,0.0003435657327686,0.0006912664768362745,0.19615611119071974,1.2089580742521447e-07
2025-11-12,2025-11-11,-7.307618564833392,-7.745288485515588,0.0006704116945348002,0.00043277677870279995,0.11142345173708801,5.647035322248185e-08
2025-11-13,2025-11-12,-6.933780989951759,-6.903861969306301,0.0009743100388308998,0.0010039008984512401,0.00044314636503983706,8.75618973070687e-10
2025-11-14,2025-11-13,-6.698894555944462,-7.2977692959811415,0.0012322733592876004,0.0006770473842591414,0.22119473505489706,3.08275883346303e-07
2025-11-15,2025-11-14,-8.093835893494195,-7.177156660150413,0.00030541596419000016,0.0007638366044816357,0.31652394150987084,2.101494834453931e-07
2025-11-16,2025-11-15,-7.796745273686276,-8.207830410566531,0.00041107072676509985,0.00027251131805777247,0.09736845267895755,1.919870974132419e-08
2025-11-17,2025-11-16,-6.910418534209255,-7.033889691175105,0.0009973402880908001,0.000881496354962058,0.007946198687308836,1.3419816842736485e-08
2025-11-18,2025-11-17,-7.106551579612265,-7.132672468299873,0.0008197168521339,0.000798582347170283,0.00034413698195434606,4.4666730005714933e-10
2025-11-19,2025-11-18,-6.730859445364998,-7.704604909652952,0.0011935067633693005,0.00045074674840395206,0.6740974825798853,5.516924398313247e-07
2025-11-20,2025-11-19,-6.471309823733442,-6.981208960740781,0.0015471978486691,0.0009291791827404631,0.15522402857368522,3.819470714362121e-07
2025-11-21,2025-11-20,-5.838503044943154,-6.819045684323811,0.0029132002932932993,0.0010927632659530132,0.6853596813405947,3.3139909705115376e-06
2025-11-22,2025-11-21,-7.906847163460113,-6.6990897641914025,0.0003682136699384001,0.0012320328328425192,0.506624223460552,7.46183546200373e-07
2025-11-23,2025-11-22,-7.438056273396586,-6.5160479589820515,0.0005884278295306001,0.0014795046266137613,0.3197278478136447,7.940178582999852e-07
2025-11-24,2025-11-23,-7.1474494206395205,-7.741039539676992,0.0007868684945583998,0.0004346195359111395,0.21688628272200017,1.2407932886807931e-07
2025-11-25,2025-11-24,-7.875077744467792,-7.621286474509448,0.0003800994060947,0.0004899111673048422,0.02964504483835162,1.2058622900073291e-08
2025-11-26,2025-11-25,-7.014428234090074,-7.767240872507032,0.0008988195792797002,0.0004233798156298235,0.3701498501144602,2.2604296885945063e-07
2025-11-27,2025-11-26,-8.587587699003254,-7.405963081193923,0.0001864052112034999,0.0006076186572816543,0.48840466528094373,1.774207671570343e-07
2025-11-28,2025-11-27,-7.481894273623621,-7.569720495726345,0.0005631895693491999,0.0005158366070011973,0.003972135217168438,2.242303043131349e-09
2025-11-29,2025-11-28,-9.022631609466307,-7.024265930757765,0.00012064820913620007,0.000890020616626274,1.133922421245432,5.919339014070722e-07
2025-11-30,2025-11-29,-8.547333769172399,-8.018451330988569,0.00019406182401629987,0.0003293296507143217,0.11814570272458735,1.8297384939606063e-08
2025-12-01,2025-11-30,-6.125369867391447,-7.559037699721216,0.002186682186157201,0.0005213767235257153,1.7603856573711574,2.7732422838702664e-06
2025-12-02,2025-12-01,-6.859623130051922,-6.792615235735624,0.0010493093112655999,0.0011220305593719788,0.0021957187318284443,5.288379926149525e-09
2025-12-03,2025-12-02,-7.65939939634174,-7.812408902400722,0.0004715905647740001,0.0004046820332088298,0.012326509728638246,4.476751596207392e-09
2025-12-04,2025-12-03,-7.668332349382324,-7.4519685150540225,0.0004673966284116002,0.0005802981614463663,0.021806068889963726,1.2746756161600385e-08
2025-12-05,2025-12-04,-7.258661859319669,-7.391953593406903,0.0007040495228523002,0.0006161909902327467,0.009291522977349143,7.719121754061149e-09
2025-12-06,2025-12-05,-9.452234849086091,-7.309825602942305,7.851390233195546e-05,0.0006689337019692035,1.2597811028220312,3.485955398036881e-07
2025-12-07,2025-12-06,-7.044663270752802,-7.60880932799898,0.0008720504582595998,0.0004960621543012082,0.19379974632649688,1.413672047135079e-07
2025-12-08,2025-12-07,-7.813456619141567,-7.552267754945324,0.00040425826310219986,0.0005249183900680334,0.03132436285207163,1.4558866239411072e-08
2025-12-09,2025-12-08,-6.784086985397815,-7.353795814544631,0.0011316404363425998,0.0006401578223782933,0.1980433094791887,2.415551598291875e-07
2025-12-10,2025-12-09,-8.34891744002469,-7.813108815160314,0.00023665257040860014,0.00040439889018947393,0.12100462225728092,2.813882780002717e-08
2025-12-11,2025-12-10,-7.397339521599432,-7.388099783987464,0.0006128811510854999,0.000618570254545985,4.255669525132788e-05,3.2365898184103525e-11
2025-12-12,2025-12-11,-6.943986547807589,-7.275190145604652,0.0009644172280504998,0.0006925084307527731,0.06143964805893076,7.393439404789624e-08
2025-12-13,2025-12-12,-10.559878399332995,-7.255091232986114,2.59360050221946e-05,0.0007065679140600471,2.341494326175938,4.632597956005115e-07
2025-12-14,2025-12-13,-9.241659027281871,-7.789162831602919,9.691666937565605e-05,0.00041419949359933623,0.6864818655669283,1.0066839054735474e-07
2025-12-15,2025-12-14,-7.272187541438661,-7.483934618638025,0.0006945908842791998,0.0005620416398036133,0.02408815546842713,1.75693022110488e-08
2025-12-16,2025-12-15,-7.5417627705331345,-7.559194002875276,0.0005304617148661001,0.0005212952370678359,0.0001528071580640944,8.402431522607018e-11
2025-12-17,2025-12-16,-6.413008911707392,-7.731715739758498,0.0016400822077796999,0.00043869079179838385,1.4198761661302957,1.4433413343935915e-06
2025-12-18,2025-12-17,-6.6654342274018425,-7.521250070324078,0.0012742032121094004,0.0005414552854256033,0.4974774226121723,5.369195240594031e-07
2025-12-19,2025-12-18,-7.4591144795560895,-7.1829097174697,0.0005761661525618,0.0007594548251129672,0.034862364413615454,3.359473748556899e-08
2025-12-20,2025-12-19,-11.159669186672096,-7.991032364365489,1.423695959061888e-05,0.00033848446362847806,2.2106980006304147,1.0513644387478151e-07
2025-12-21,2025-12-20,-8.343097062019696,-7.655586111088,0.00023803399412850013,0.00047339230721611626,0.190337127482183,5.539353553944834e-08
2025-12-22,2025-12-21,-8.074162773500952,-7.8715458813076244,0.00031148394141640006,0.00038144423866864023,0.019207964179320358,4.894443191621803e-09
2025-12-23,2025-12-22,-7.771466356596977,-7.809332140315329,0.0004215946052999999,0.00040592906096536163,0.0007260343648713974,2.4540927930051765e-10
2025-12-24,2025-12-23,-8.925633113998126,-7.898526325817705,0.00013293728078699995,0.0003712902984155076,0.38514831404353944,5.6812161012615683e-08
2025-12-25,2025-12-24,-8.94338146523215,-7.6898099860602835,0.00013059867779790008,0.00045746508822082463,0.5390550113851837,1.0684165026276778e-07
2025-12-26,2025-12-25,-6.995026851763502,-8.008491971846148,0.0009164281848848999,0.00033262595025120066,0.7416657068409342,3.408250491633008e-07
2025-12-27,2025-12-26,-10.644265946687362,-7.380455982341889,2.3837133867163894e-05,0.0006233165998267054,2.3020525364982793,3.5937563010713713e-07
2025-12-28,2025-12-27,-10.686295201362105,-8.546794286728375,2.2856038664926725e-05,0.00019416654520849446,1.2572149465180935,2.9347289652213765e-08
2025-12-29,2025-12-28,-7.51923823178815,-8.070390721458656,0.0005425457025381001,0.0003126610937980377,0.18409900076092733,5.2846933335571596e-08
2025-12-30,2025-12-29,-8.580833235559574,-8.444573424922964,0.00018766854013980015,0.00021506431717474608,0.00887575801267948,7.505285993484706e-10
2025-12-31,2025-12-30,-8.723486388301811,-8.961111555746049,0.00016271889958730011,0.0001283035578848791,0.03060835192540723,1.1844157444943988e-09
2026-01-01,2025-12-31,-9.605312551126257,-7.47045534354086,6.736987818608539e-05,0.0005696688427837795,1.2531188383790295,2.523042498359155e-07
2026-01-02,2026-01-01,-8.212531667474853,-7.923057702602337,0.0002712331791249999,0.000362292847348692,0.03813131829309646,8.291863177008879e-09
2026-01-03,2026-01-02,-9.749774958937152,-8.15540878735725,5.830778390018621e-05,0.0002871778673348001,0.7974036275565539,5.238151509136714e-08
2026-01-04,2026-01-03,-8.980361537994927,-8.508526782450245,0.00012585733706600005,0.00020174081420155498,0.09569153523729046,5.758302102182287e-09
2026-01-05,2026-01-04,-7.980502335288617,-8.335391365729349,0.0003420675467491999,0.00023987529694314018,0.07113319238149485,1.044325592042411e-08
2026-01-06,2026-01-05,-7.681118579561687,-7.953360267845793,0.0004614584320103,0.00035147911409255656,0.0406624992414657,1.209545036965209e-08
2026-01-07,2026-01-06,-7.807531687950545,-7.875050847517837,0.0004066605752338001,0.0003801096297468957,0.002331579335385303,7.049527062485688e-10
2026-01-08,2026-01-07,-7.881955365382811,-7.6460965077136125,0.00037749419556399986,0.0004779059951337472,0.02575105491846008,1.0082529492835111e-08
2026-01-09,2026-01-08,-7.841343361029812,-8.057174233970215,0.0003931405560594999,0.000316820803055239,0.025061543779241413,5.824704698631395e-09
2026-01-10,2026-01-09,-10.705997100918974,-7.765590624811159,2.2410138252925974e-05,0.00042407907401112026,1.9932509439013466,1.6133793395312042e-07
2026-01-11,2026-01-10,-9.618626291207232,-8.163394926324962,6.647887757510624e-05,0.0002848935585224103,0.6885780034838951,4.770497285331263e-08
2026-01-12,2026-01-11,-7.744299914960296,-8.561961196078999,0.00043320482062319984,0.0001912438589040114,0.4475340385444868,5.8545106996074575e-08
2026-01-13,2026-01-12,-7.386624083285798,-8.045296518947056,0.0006194837529639997,0.000320606347571507,0.2735527508763511,8.932770345414847e-08
2026-01-14,2026-01-13,-7.609162021810179,-8.643966513610307,0.0004958872270991002,0.0001761866676005347,0.7797503913647965,1.0220844774369586e-07
2026-01-15,2026-01-14,-8.01858992028866,-7.742594141304052,0.00032928401231110016,0.00043394440059266344,0.03481196829312294,1.0953796875247588e-08
2026-01-16,2026-01-15,-8.859809999061524,-7.522688863007894,0.00014198203832090003,0.0005406768036935261,0.5997218451850661,1.5895751593553339e-07
2026-01-17,2026-01-16,-10.267854112985122,-7.844185626332108,3.473182608969655e-05,0.00039202473278215786,1.5122647264453257,1.2765822117274784e-07
2026-01-18,2026-01-17,-7.83173218003803,-8.344183520171324,0.00039693731755290014,0.0002377755205909806,0.15692677595089988,2.5332477612147298e-08
2026-01-19,2026-01-18,-8.507588402139348,-8.435132099269321,0.00020193021265949997,0.00021710442493619843,0.002562723815722201,2.302567182183062e-10
2026-01-20,2026-01-19,-7.932921553333978,-8.245136909283639,0.0003587368117158001,0.00026253217571714575,0.0542334387209229,9.255331987633583e-09
2026-01-21,2026-01-20,-6.30957708151745,-7.303084469605751,0.0018188022816786995,0.0006734583065947888,0.7071826083067645,1.3118128212610142e-06
2026-01-22,2026-01-21,-8.502624578358718,-8.118373727643537,0.00020293505050689983,0.00029801291673689755,0.06521154407334806,9.039800646849342e-09
2026-01-23,2026-01-22,-8.127025130921442,-7.584850242975029,0.0002954458073730001,0.0005080908727715142,0.12365718778225476,4.521792383833836e-08
2026-01-24,2026-01-23,-10.48905999031764,-7.755741971619355,2.7839352231438856e-05,0.00042827631640305225,1.7983214864709556,1.60349762274978e-07
2026-01-25,2026-01-24,-8.366620283787617,-8.497140471053802,0.00023250001142720007,0.00020405102536579528,0.008900685862692326,8.093448079220042e-10
2026-01-26,2026-01-25,-7.940210571457022,-7.782530898397589,0.0003561314792865001,0.0004169555659167472,0.011803044913601068,3.6995695144038037e-09
2026-01-27,2026-01-26,-7.63179758032752,-8.056374017685286,0.0004847886281223999,0.00031707442968579414,0.10436607531525866,2.8128052357233173e-08
2026-01-28,2026-01-27,-8.051862075217418,-8.620567446064987,0.0003185082835712002,0.0001803578822877901,0.1972734870385029,1.9085533374767242e-08
2026-01-29,2026-01-28,-6.734192274186324,-7.9878263531587415,0.0011895356308582003,0.00033957139003029505,1.249415398921295,7.224392106861574e-07
2026-01-30,2026-01-29,-7.064056059536191,-7.264311981096304,0.0008553018935006002,0.0007000827741707839,0.021459428231400457,2.409297500552374e-08
2026-01-31,2026-01-30,-6.909322286991538,-8.722185538417222,0.0009984342191065997,0.00016293071018607633,3.315101852082739,6.980661134185071e-07
