date,forecast_origin_date,actual_log_var,pred_regime,pred_prob_0,pred_prob_1,log_var_svr,error
2024-10-20,2024-10-19,-9.31484470203024,0.0,0.9584990545670484,0.041500945432952005,-8.268256244588077,-1.0465884574421622
2024-10-21,2024-10-20,-7.873473101235765,0.0,0.9181237884669011,0.0818762115330997,-7.689173660595087,-0.18429944064067794
2024-10-22,2024-10-21,-8.046507358473745,0.0,0.6072162018965195,0.3927837981034808,-7.315374833075895,-0.7311325253978502
2024-10-23,2024-10-22,-8.161787423041437,0.0,0.6219298063471478,0.37807019365285244,-7.42090714835534,-0.7408802746860967
2024-10-24,2024-10-23,-7.997674549656699,1.0,0.4570484617306716,0.542951538269328,-7.865791030802059,-0.13188351885463945
2024-10-25,2024-10-24,-7.679053012926394,1.0,0.4860133982978307,0.5139866017021695,-7.7156277105999544,0.036574697673560586
2024-10-26,2024-10-25,-9.827358818094583,1.0,0.46738252415158327,0.5326174758484169,-7.503255626257784,-2.324103191836799
2024-10-27,2024-10-26,-9.27737910553637,0.0,0.9532494172435049,0.0467505827564958,-8.213534049111008,-1.0638450564253628
2024-10-28,2024-10-27,-8.498659814223364,0.0,0.9227563717152893,0.0772436282847114,-7.732619808695755,-0.7660400055276089
2024-10-29,2024-10-28,-7.399875840216145,0.0,0.5250534070836178,0.4749465929163826,-8.033831233883745,0.6339553936676001
2024-10-30,2024-10-29,-7.708331085877311,1.0,0.3096617925498881,0.6903382074501124,-7.542547071691723,-0.1657840141855882
2024-10-31,2024-10-30,-7.664318249363356,1.0,0.3553629749308417,0.6446370250691582,-7.76867441621737,0.10435616685401339
2024-11-01,2024-10-31,-6.666464947076679,1.0,0.33950507040698397,0.6604949295930166,-7.747258606099102,1.0807936590224232
2024-11-02,2024-11-01,-9.875369409182522,1.0,0.29577293200556104,0.7042270679944399,-7.075796101635826,-2.7995733075466953
2024-11-03,2024-11-02,-7.66475466133589,0.0,0.8673971540110906,0.13260284598891017,-8.469306589280016,0.804551927944126
2024-11-04,2024-11-03,-7.386133207392613,0.0,0.7693510877709959,0.23064891222900458,-6.741462197524927,-0.644671009867686
2024-11-05,2024-11-04,-6.986185934823602,1.0,0.49133676891809347,0.5086632310819066,-7.296957913186123,0.3107719783625207
2024-11-06,2024-11-05,-6.076503738850753,1.0,0.3255706610501045,0.6744293389498945,-7.196340025408785,1.1198362865580318
2024-11-07,2024-11-06,-7.522779705074414,1.0,0.14609223988233652,0.8539077601176642,-6.9149719752157,-0.6078077298587141
2024-11-08,2024-11-07,-7.801772876712086,1.0,0.3301153430436841,0.6698846569563158,-7.73243387058013,-0.06933900613195565
2024-11-09,2024-11-08,-9.797912735378048,1.0,0.3110164836351685,0.6889835163648319,-7.9286365487870825,-1.869276186590966
2024-11-10,2024-11-09,-6.737021210697639,0.0,0.8967896881091457,0.10321031189085463,-8.335156094166551,1.5981348834689122
2024-11-11,2024-11-10,-6.735612458201719,1.0,0.23827455049486054,0.7617254495051408,-7.146888354548625,0.41127589634690587
2024-11-12,2024-11-11,-6.273470829109263,1.0,0.16324041495114064,0.8367595850488605,-7.468646118535199,1.1951752894259364
2024-11-13,2024-11-12,-5.917831781066736,1.0,0.1498711162048561,0.850128883795145,-6.961181042771186,1.0433492617044502
2024-11-14,2024-11-13,-6.279067875923911,1.0,0.17345946660554787,0.8265405333944532,-6.763373738383734,0.48430586245982354
2024-11-15,2024-11-14,-6.8553175590212,1.0,0.1722361635417364,0.8277638364582657,-7.015574064556149,0.16025650553494852
2024-11-16,2024-11-15,-8.483224897189656,1.0,0.157896978907234,0.8421030210927661,-7.4580839353711745,-1.0251409618184812
2024-11-17,2024-11-16,-7.986052347505467,0.0,0.8713778256512036,0.12862217434879802,-7.272428271182378,-0.7136240763230894
2024-11-18,2024-11-17,-6.313933799544504,0.0,0.7866527974877655,0.21334720251223652,-7.020661617367293,0.7067278178227889
2024-11-19,2024-11-18,-7.196192526153115,1.0,0.27713559189623505,0.7228644081037652,-6.792876368605476,-0.40331615754763916
2024-11-20,2024-11-19,-8.156865979818138,1.0,0.30552859368607255,0.6944714063139276,-7.4309647812089175,-0.7259011986092201
2024-11-21,2024-11-20,-7.040437674924414,1.0,0.46501628577887816,0.5349837142211217,-7.811912385841462,0.7714747109170483
2024-11-22,2024-11-21,-7.559046450236287,1.0,0.19273709602414918,0.8072629039758513,-7.553433977607921,-0.00561247262836595
2024-11-23,2024-11-22,-8.916806285442396,1.0,0.31234769757420844,0.6876523024257918,-7.755861833981012,-1.1609444514613845
2024-11-24,2024-11-23,-7.587764741646918,0.0,0.7113400081293184,0.28865999187068236,-7.881428327490229,0.2936635858433112
2024-11-25,2024-11-24,-6.730684739886714,0.0,0.6568087176643652,0.3431912823356351,-6.932303921832412,0.2016191819456985
2024-11-26,2024-11-25,-6.616457190447188,1.0,0.23748186306808125,0.7625181369319192,-7.238028273190843,0.6215710827436549
2024-11-27,2024-11-26,-7.685046984089861,1.0,0.2968734341826555,0.7031265658173441,-6.90545661104499,-0.7795903730448712
2024-11-28,2024-11-27,-8.136518916342414,1.0,0.4327398000090222,0.5672601999909774,-7.541421335286335,-0.5950975810560788
2024-11-29,2024-11-28,-7.768375437620337,0.0,0.8084635950907502,0.19153640490925042,-7.062132616537124,-0.7062428210832135
2024-11-30,2024-11-29,-8.542730029426364,1.0,0.45110129533790344,0.548898704662096,-7.607634746113183,-0.9350952833131814
2024-12-01,2024-11-30,-8.44716475464655,0.0,0.8920811691271713,0.10791883087282944,-7.243993946026923,-1.2031708086196273
2024-12-02,2024-12-01,-6.838616206811213,0.0,0.7958725239738641,0.2041274760261365,-7.292173871697829,0.453557664886616
2024-12-03,2024-12-02,-7.216757398881999,1.0,0.31311024133487875,0.6868897586651219,-7.089081274659913,-0.12767612422208607
2024-12-04,2024-12-03,-6.986945786320486,1.0,0.25666438525248025,0.7433356147475203,-7.571231245531395,0.5842854592109097
2024-12-05,2024-12-04,-5.927662017422849,1.0,0.2880698576329447,0.711930142367057,-7.204905321972922,1.2772433045500735
2024-12-06,2024-12-05,-7.050258669563131,1.0,0.09008709535221897,0.9099129046477814,-6.882379709539003,-0.16787896002412772
2024-12-07,2024-12-06,-8.608280322002438,1.0,0.2124360084584111,0.7875639915415892,-7.577340330134143,-1.030939991868295
2024-12-08,2024-12-07,-8.072488900461895,0.0,0.8074469311725011,0.19255306882750078,-7.465178273237665,-0.6073106272242299
2024-12-09,2024-12-08,-6.54258376213653,0.0,0.8154040407243057,0.18459595927569508,-7.033726555504365,0.4911427933678345
2024-12-10,2024-12-09,-6.556886875110395,1.0,0.18928273711342883,0.8107172628865722,-7.174029283307455,0.6171424081970596
2024-12-11,2024-12-10,-7.239827666844698,1.0,0.26965209900544884,0.7303479009945514,-6.966963747204775,-0.2728639196399225
2024-12-12,2024-12-11,-7.1621144016144465,1.0,0.22951226671270006,0.7704877332873014,-7.603365882574673,0.4412514809602266
2024-12-13,2024-12-12,-7.538970091501297,1.0,0.3331536624692331,0.6668463375307675,-7.336533510475748,-0.20243658102554907
2024-12-14,2024-12-13,-8.384657162464817,1.0,0.37423996160709694,0.6257600383929026,-7.5945096911547445,-0.7901474713100729
2024-12-15,2024-12-14,-8.014688118812776,0.0,0.8526430820611774,0.14735691793882413,-7.17160423031425,-0.8430838884985263
2024-12-16,2024-12-15,-7.236201991624658,0.0,0.7473390900743191,0.2526609099256817,-7.076816559961836,-0.15938543166282226
2024-12-17,2024-12-16,-7.292001310461847,1.0,0.26489566473727444,0.7351043352627251,-7.558215488171803,0.2662141777099558
2024-12-18,2024-12-17,-6.704567098310052,1.0,0.39768827181760213,0.6023117281823974,-7.2904710210298544,0.5859039227198028
2024-12-19,2024-12-18,-6.459120288586987,1.0,0.1921662518482229,0.8078337481517758,-7.250668728585803,0.7915484399988166
2024-12-20,2024-12-19,-6.1361042206094965,1.0,0.2053803947160151,0.7946196052839856,-7.068549968143825,0.9324457475343282
2024-12-21,2024-12-20,-7.7744650577961645,1.0,0.20815565294120844,0.7918443470587913,-6.761890540864627,-1.0125745169315374
2024-12-22,2024-12-21,-7.173190406730881,0.0,0.6747018436177399,0.32529815638226073,-7.1139908964548075,-0.0591995102760734
2024-12-23,2024-12-22,-6.679392190342277,0.0,0.5339040973404182,0.4660959026595819,-6.866059136994398,0.1866669466521209
2024-12-24,2024-12-23,-6.806880052770344,1.0,0.33079739609783143,0.6692026039021693,-7.018367630461284,0.2114875776909395
2024-12-25,2024-12-24,-8.388613500350928,1.0,0.35483655806879866,0.6451634419312019,-6.9897739776733845,-1.3988395226775436
2024-12-26,2024-12-25,-7.291376464377446,0.0,0.8585279311808687,0.1414720688191326,-7.176456478597679,-0.11491998577976759
2024-12-27,2024-12-26,-7.235484363898412,1.0,0.435455744205113,0.5645442557948864,-7.164333828214236,-0.0711505356841764
2024-12-28,2024-12-27,-9.647303170681537,1.0,0.3689057142870074,0.6310942857129926,-7.386221680235462,-2.2610814904460756
2024-12-29,2024-12-28,-8.662492268950343,0.0,0.874188217940678,0.12581178205932209,-8.144668337423102,-0.517823931527241
2024-12-30,2024-12-29,-6.575410065716856,0.0,0.8818409103843929,0.11815908961560748,-7.23338727641563,0.6579772106987747
2024-12-31,2024-12-30,-7.632818399836694,1.0,0.29793973071247043,0.7020602692875303,-6.953204815194961,-0.679613584641733
2025-01-01,2024-12-31,-8.1728798995656,0.0,0.5206893553069614,0.4793106446930386,-7.30185444484952,-0.8710254547160803
2025-01-02,2025-01-01,-7.634987296790435,0.0,0.7086271445022724,0.2913728554977286,-7.22165235501658,-0.4133349417738543
2025-01-03,2025-01-02,-8.696539431723991,1.0,0.44300802131207023,0.5569919786879304,-7.4958543301227305,-1.2006851016012607
2025-01-04,2025-01-03,-9.171557411636146,0.0,0.6391718653998507,0.36082813460014923,-7.956526889156708,-1.215030522479438
2025-01-05,2025-01-04,-9.467809077681563,0.0,0.9606968082142846,0.03930319178571573,-7.518614089176193,-1.9491949885053703
2025-01-06,2025-01-05,-7.52715911165198,0.0,0.9593602443558509,0.04063975564414966,-7.839095507338158,0.31193639568617737
2025-01-07,2025-01-06,-7.313187566380257,1.0,0.3972749205602069,0.6027250794397936,-7.4235918429495324,0.11040427656927587
2025-01-08,2025-01-07,-7.343520093101871,1.0,0.2579947688608647,0.7420052311391345,-7.651544678617194,0.30802458551532297
2025-01-09,2025-01-08,-6.700926329438809,1.0,0.3763568346150492,0.6236431653849518,-7.319962151472049,0.6190358220332408
2025-01-10,2025-01-09,-6.832337297096955,0.0,0.5251496671635728,0.4748503328364269,-6.530259473637071,-0.302077823459884
2025-01-11,2025-01-10,-9.16312570058207,1.0,0.31031734940605077,0.6896826505939488,-7.177791704572471,-1.985333996009599
2025-01-12,2025-01-11,-8.885182290999587,0.0,0.8938604125992877,0.10613958740071247,-7.750162508751813,-1.1350197822477748
2025-01-13,2025-01-12,-6.878707620288706,0.0,0.9232141153453316,0.07678588465466932,-7.367850634356506,0.4891430140677997
2025-01-14,2025-01-13,-7.412287032964815,1.0,0.285932193378717,0.7140678066212826,-7.2426807689566886,-0.1696062640081264
2025-01-15,2025-01-14,-7.1493601415864205,1.0,0.4861837074195968,0.5138162925804031,-7.22086942910763,0.07150928752120933
2025-01-16,2025-01-15,-7.103753580416022,1.0,0.3100109136138678,0.6899890863861314,-7.284246404774593,0.18049282435857084
2025-01-17,2025-01-16,-6.94581212746871,1.0,0.34927661020241313,0.6507233897975871,-7.31365798918608,0.36784586171736944
2025-01-18,2025-01-17,-7.367795927137095,1.0,0.22811676497505445,0.7718832350249454,-7.415382044390352,0.04758611725325679
2025-01-19,2025-01-18,-6.522372823536299,0.0,0.5477480486212171,0.4522519513787829,-7.071973144616966,0.5496003210806668
2025-01-20,2025-01-19,-5.1280705350160884,1.0,0.4249000179645642,0.5750999820354358,-6.618605370150647,1.4905348351345582
2025-01-21,2025-01-20,-6.725785537124217,1.0,0.0525335995656583,0.9474664004343416,-6.362243463247827,-0.36354207387639015
2025-01-22,2025-01-21,-7.974673031461986,1.0,0.2080765533275831,0.7919234466724174,-7.327007005237283,-0.6476660262247034
2025-01-23,2025-01-22,-6.587354861517407,0.0,0.5077747441344816,0.49222525586551846,-7.601033130305918,1.013678268788511
2025-01-24,2025-01-23,-7.651656682385547,1.0,0.18641899621652988,0.8135810037834714,-7.271495278772077,-0.38016140361346995
2025-01-25,2025-01-24,-8.858603923738858,1.0,0.42282285847393086,0.5771771415260696,-7.66016973573794,-1.1984341880009186
2025-01-26,2025-01-25,-7.957754761816732,0.0,0.8511702773359403,0.14882972266406,-7.500023966827805,-0.4577307949889269
2025-01-27,2025-01-26,-6.349061457034485,0.0,0.7507763987568535,0.24922360124314727,-7.069317746341524,0.7202562893070397
2025-01-28,2025-01-27,-7.5627213249395355,1.0,0.17552002464884284,0.8244799753511575,-7.062759510114358,-0.4999618148251779
2025-01-29,2025-01-28,-8.23476725879742,1.0,0.3541290778416768,0.6458709221583235,-7.619264642403174,-0.615502616394247
2025-01-30,2025-01-29,-8.079741061070353,1.0,0.49415051243010877,0.5058494875698911,-7.7809823849196,-0.2987586761507526
2025-01-31,2025-01-30,-7.304415552516962,0.0,0.5838141697104021,0.4161858302895977,-7.559379557418511,0.2549640049015496
2025-02-01,2025-01-31,-8.797811136674646,1.0,0.45503223014728444,0.544967769852716,-7.173008649146778,-1.6248024875278677
2025-02-02,2025-02-01,-6.8104147883884405,0.0,0.8750376410838528,0.12496235891614826,-7.462251029700172,0.6518362413117318
2025-02-03,2025-02-02,-5.615577100902469,1.0,0.4070676220906425,0.592932377909358,-6.754361118795865,1.1387840178933963
2025-02-04,2025-02-03,-6.702523283688939,1.0,0.10699338034663725,0.8930066196533629,-6.6951119366870895,-0.007411347001849755
2025-02-05,2025-02-04,-7.951543485352089,1.0,0.2630269624682313,0.7369730375317706,-7.1186744209039885,-0.8328690644481007
2025-02-06,2025-02-05,-7.710560531660843,0.0,0.6344740461526074,0.36552595384739184,-7.294697557336228,-0.4158629743246154
2025-02-07,2025-02-06,-7.060549595230205,0.0,0.5500179506896232,0.4499820493103764,-7.345274401360506,0.28472480613030093
2025-02-08,2025-02-07,-9.23855954949455,1.0,0.3978383889260806,0.6021616110739192,-7.154957886274331,-2.083601663220219
2025-02-09,2025-02-08,-7.829000615696909,0.0,0.9103681756899861,0.08963182431001405,-7.749264879832032,-0.07973573586487692
2025-02-10,2025-02-09,-7.658232305453152,0.0,0.8264070156111007,0.17359298438889917,-6.583720165959183,-1.0745121394939687
2025-02-11,2025-02-10,-7.550045805187608,0.0,0.6089196633273415,0.39108033667265785,-7.213402508981314,-0.33664329620629374
2025-02-12,2025-02-11,-7.5434319510193575,0.0,0.5209051163354967,0.47909488366450353,-7.111862142031775,-0.43156980898758235
2025-02-13,2025-02-12,-8.165089627577647,1.0,0.47106230565901874,0.5289376943409811,-7.319940794493945,-0.8451488330837016
2025-02-14,2025-02-13,-7.889337572353864,0.0,0.6722643343354356,0.32773566566456436,-7.385947127721456,-0.5033904446324078
2025-02-15,2025-02-14,-10.185734577946551,0.0,0.694754957664024,0.30524504233597605,-7.074591442280835,-3.111143135665716
2025-02-16,2025-02-15,-8.97115841664767,0.0,0.969694157544018,0.03030584245598275,-8.404605591798159,-0.5665528248495111
2025-02-17,2025-02-16,-8.082357966685958,0.0,0.8732344275167399,0.1267655724832605,-7.440015100981078,-0.6423428657048795
2025-02-18,2025-02-17,-7.708560627309382,0.0,0.841016598767495,0.1589834012325052,-6.990543850425908,-0.7180167768834735
2025-02-19,2025-02-18,-8.300350146683039,0.0,0.6151995393373427,0.3848004606626573,-7.084850908307529,-1.2154992383755099
2025-02-20,2025-02-19,-8.578627687974237,0.0,0.6458167354461957,0.3541832645538052,-7.540738508477206,-1.0378891794970304
2025-02-21,2025-02-20,-7.481807168308371,0.0,0.6099375905958677,0.3900624094041325,-7.83731004185956,0.35550287355118915
2025-02-22,2025-02-21,-10.036665797993832,1.0,0.3710977390174353,0.6289022609825654,-7.498605026277357,-2.5380607717164754
2025-02-23,2025-02-22,-9.310288036836676,0.0,0.8275127006961223,0.17248729930387757,-8.604384760891394,-0.7059032759452819
2025-02-24,2025-02-23,-7.41719156570895,0.0,0.902907861328949,0.09709213867105092,-7.677518450062808,0.26032688435385865
2025-02-25,2025-02-24,-6.500526065461399,1.0,0.3766339851631816,0.6233660148368186,-7.516747765833094,1.0162217003716956
2025-02-26,2025-02-25,-6.832062217928646,1.0,0.1266651577079459,0.8733348422920533,-7.253866203815244,0.42180398588659784
2025-02-27,2025-02-26,-6.894480374214421,1.0,0.23535338183522192,0.7646466181647793,-7.25841359399413,0.3639332197797094
2025-02-28,2025-02-27,-5.991658581169693,1.0,0.22230900713205493,0.7776909928679451,-7.359095573290374,1.3674369921206813
2025-03-01,2025-02-28,-7.4922807855251605,1.0,0.18352976614405958,0.8164702338559405,-6.757939957695983,-0.7343408278291772
2025-03-02,2025-03-01,-5.5060953343152566,0.0,0.5570817729503476,0.4429182270496525,-7.193191908005348,1.6870965736900914
2025-03-03,2025-03-02,-5.274351962432884,1.0,0.15245612751751125,0.8475438724824891,-6.3279366553682195,1.0535846929353356
2025-03-04,2025-03-03,-5.83451659088943,1.0,0.11789160047035438,0.8821083995296453,-6.449772783912528,0.6152561930230984
2025-03-05,2025-03-04,-6.9107540529918,1.0,0.14412124036874832,0.8558787596312516,-6.653702385724527,-0.25705166726727313
2025-03-06,2025-03-05,-6.589662121131858,1.0,0.243767669011125,0.7562323309888744,-7.372875326571279,0.783213205439421
2025-03-07,2025-03-06,-5.269273973963913,1.0,0.3545683052617597,0.6454316947382406,-6.812897619315134,1.5436236453512207
2025-03-08,2025-03-07,-8.69614196503816,1.0,0.07204681713778391,0.927953182862216,-6.407510023707406,-2.2886319413307543
2025-03-09,2025-03-08,-6.858599047821593,0.0,0.8223788335474991,0.17762116645250242,-7.560852480909255,0.7022534330876624
2025-03-10,2025-03-09,-6.00034416934617,1.0,0.4952210228049608,0.5047789771950392,-6.548501369973081,0.5481572006269113
2025-03-11,2025-03-10,-6.267886157442407,1.0,0.233364456167248,0.7666355438327521,-6.762673093436479,0.494786935994072
2025-03-12,2025-03-11,-6.682838741972847,1.0,0.21174206014919753,0.7882579398508041,-6.898688636984511,0.2158498950116643
2025-03-13,2025-03-12,-7.207545428051987,1.0,0.28957228122125317,0.7104277187787473,-7.003526565781261,-0.2040188622707264
2025-03-14,2025-03-13,-7.677781127628595,1.0,0.3881016161161746,0.6118983838838258,-7.2453323104698075,-0.4324488171587877
2025-03-15,2025-03-14,-9.278558992734352,1.0,0.4921879009810038,0.5078120990189962,-7.398150035990675,-1.8804089567436773
2025-03-16,2025-03-15,-7.379723891988884,0.0,0.8555836144497048,0.14441638555029696,-7.9151693184035015,0.5354454264146176
2025-03-17,2025-03-16,-7.9024689043624905,0.0,0.6806848050261922,0.31931519497380834,-6.683017063780102,-1.2194518405823889
2025-03-18,2025-03-17,-7.44465996954306,0.0,0.6224405416002258,0.37755945839977406,-7.433549441607163,-0.011110527935897174
2025-03-19,2025-03-18,-7.431960059563908,1.0,0.4494346983045354,0.5505653016954636,-7.289060072030148,-0.14289998753375954
2025-03-20,2025-03-19,-7.164610812800322,1.0,0.3651310519621642,0.634868948037834,-7.563450648853642,0.3988398360533205
2025-03-21,2025-03-20,-8.124391920295196,1.0,0.4133826777629964,0.5866173222370046,-7.185099527483802,-0.9392923928113941
2025-03-22,2025-03-21,-10.291882868139524,0.0,0.6492601022584928,0.3507398977415057,-7.460356571648909,-2.8315262964906154
2025-03-23,2025-03-22,-8.875919576326854,0.0,0.9489112825441324,0.05108871745586782,-8.52842679503545,-0.34749278129140393
2025-03-24,2025-03-23,-7.783297341938293,0.0,0.8489163296330202,0.1510836703669797,-7.554319070649411,-0.2289782712888817
2025-03-25,2025-03-24,-8.350332806386326,1.0,0.4775090667678591,0.5224909332321405,-7.699632226568678,-0.6507005798176486
2025-03-26,2025-03-25,-7.9341848345935775,0.0,0.5742940079462275,0.4257059920537726,-7.890976801486248,-0.043208033107329236
2025-03-27,2025-03-26,-8.316552376180587,0.0,0.5743959523377014,0.42560404766229903,-7.490093343557105,-0.8264590326234815
2025-03-28,2025-03-27,-8.13190688518854,0.0,0.5484771482247262,0.45152285177527424,-7.9165011643533205,-0.21540572083521958
2025-03-29,2025-03-28,-8.139896010201063,1.0,0.43138815708049294,0.568611842919507,-8.000570256367826,-0.1393257538332371
2025-03-30,2025-03-29,-8.643929174964677,0.0,0.742097516790869,0.25790248320913145,-7.29589944001126,-1.3480297349534176
2025-03-31,2025-03-30,-7.260236072237517,0.0,0.9324334824105223,0.06756651758947835,-7.265633365720058,0.00539729348254081
2025-04-01,2025-03-31,-7.827268802739685,1.0,0.4896390649608782,0.5103609350391217,-7.1170584700195985,-0.7102103327200862
2025-04-02,2025-04-01,-6.5953640045622475,0.0,0.5741735836657916,0.42582641633420776,-7.466089544875573,0.8707255403133258
2025-04-03,2025-04-02,-7.328462984827862,1.0,0.2249456630527677,0.7750543369472315,-7.1257501218482115,-0.2027128629796504
2025-04-04,2025-04-03,-6.732095507980359,1.0,0.38518109226902253,0.614818907730978,-7.4142540987154515,0.6821585907350922
2025-04-05,2025-04-04,-8.685442381006029,1.0,0.32370886048613445,0.6762911395138663,-6.995135843703119,-1.6903065373029094
2025-04-06,2025-04-05,-6.802566856403845,0.0,0.8284148402871219,0.17158515971287935,-7.470321235690868,0.6677543792870226
2025-04-07,2025-04-06,-5.833963642733379,1.0,0.3707525244095165,0.6292474755904826,-6.917367592878282,1.0834039501449029
2025-04-08,2025-04-07,-6.59688911820073,1.0,0.1423132685171373,0.8576867314828628,-6.732957059569325,0.13606794136859524
2025-04-09,2025-04-08,-5.526820271461712,1.0,0.2487172004870139,0.751282799512987,-7.078089791084892,1.5512695196231805
2025-04-10,2025-04-09,-6.572036995363716,1.0,0.193055846979884,0.8069441530201162,-6.188867829581688,-0.38316916578202775
2025-04-11,2025-04-10,-6.743322639771665,1.0,0.2556191383052661,0.7443808616947335,-6.961972396590559,0.21864975681889387
2025-04-12,2025-04-11,-8.281452487728691,1.0,0.3380160184529394,0.6619839815470616,-6.8656696202310785,-1.4157828674976125
2025-04-13,2025-04-12,-7.602082209195321,0.0,0.7290617992870225,0.270938200712979,-7.25829815546267,-0.34378405373265064
2025-04-14,2025-04-13,-7.106486207540812,0.0,0.7659351812797751,0.23406481872022544,-6.644105236502967,-0.46238097103784526
2025-04-15,2025-04-14,-8.607093821390546,1.0,0.45863104761296325,0.5413689523870372,-7.0569606536349045,-1.5501331677556411
2025-04-16,2025-04-15,-7.050669103099706,0.0,0.6506981987953336,0.34930180120466575,-7.870855201078551,0.8201860979788451
2025-04-17,2025-04-16,-8.535516200713309,1.0,0.43557273285383175,0.5644272671461686,-7.041333561550118,-1.4941826391631903
2025-04-18,2025-04-17,-10.45754543390908,0.0,0.666100887377961,0.3338991126220383,-7.785564412587522,-2.6719810213215585
2025-04-19,2025-04-18,-9.287021659674924,0.0,0.9170572632447237,0.08294273675527657,-8.75179737606781,-0.5352242836071142
2025-04-20,2025-04-19,-8.911039371634327,0.0,0.9278218006352382,0.07217819936476152,-7.798549969739506,-1.1124894018948215
2025-04-21,2025-04-20,-7.166502196869486,0.0,0.889625019177796,0.11037498082220515,-7.624354057416259,0.4578518605467723
2025-04-22,2025-04-21,-6.974153835274231,1.0,0.37865722068877394,0.6213427793112257,-7.361973523444981,0.3878196881707492
2025-04-23,2025-04-22,-8.146095826200547,1.0,0.2576804405485828,0.7423195594514178,-7.4665443535595255,-0.6795514726410214
2025-04-24,2025-04-23,-8.609129846634158,0.0,0.5836408401399701,0.4163591598600298,-7.612757986338075,-0.9963718602960823
2025-04-25,2025-04-24,-7.563296604484018,0.0,0.5985037250067631,0.4014962749932366,-7.965369182554404,0.40207257807038665
2025-04-26,2025-04-25,-9.442959276207311,1.0,0.43064848081005996,0.5693515191899394,-7.520738644776763,-1.922220631430548
2025-04-27,2025-04-26,-8.862573167699939,0.0,0.852249536084432,0.1477504639155681,-8.116042949259256,-0.7465302184406823
2025-04-28,2025-04-27,-7.609348999298902,0.0,0.925017264588368,0.07498273541163201,-7.395007493877419,-0.21434150542148345
2025-04-29,2025-04-28,-8.674199352022766,0.0,0.6021746183858108,0.397825381614189,-7.189427069751038,-1.4847722822717282
2025-04-30,2025-04-29,-7.6899422917522875,0.0,0.7837569822125681,0.21624301778743255,-7.642894494263965,-0.04704779748832255
2025-05-01,2025-04-30,-8.162937058806,0.0,0.525635178026702,0.4743648219732982,-7.378933548780947,-0.7840035100250526
2025-05-02,2025-05-01,-8.279767068262098,0.0,0.5680158479096342,0.4319841520903659,-7.72558307434977,-0.5541839939123276
2025-05-03,2025-05-02,-9.543385779829539,0.0,0.6903276013844548,0.3096723986155458,-7.476502190559833,-2.0668835892697057
2025-05-04,2025-05-03,-8.702354648525084,0.0,0.8701478994089976,0.12985210059100244,-8.133995267890967,-0.5683593806341172
2025-05-05,2025-05-04,-8.125938287003297,0.0,0.810756920567268,0.18924307943273241,-7.559752475118797,-0.5661858118845
2025-05-06,2025-05-05,-7.6499466538761745,0.0,0.6077029664691079,0.3922970335308918,-7.615932934419937,-0.034013719456237546
2025-05-07,2025-05-06,-8.357542843360031,0.0,0.5269400728263027,0.473059927173697,-7.362817255941536,-0.994725587418495
2025-05-08,2025-05-07,-7.391606402883953,0.0,0.6942850701787654,0.3057149298212334,-7.528334543049917,0.1367281401659639
2025-05-09,2025-05-08,-8.03500099813226,1.0,0.33563032154292394,0.6643696784570757,-7.5452503737714,-0.4897506243608598
2025-05-10,2025-05-09,-8.271375930575983,0.0,0.6319921147750536,0.3680078852249464,-7.369801633013299,-0.9015742975626839
2025-05-11,2025-05-10,-8.365717294257118,0.0,0.7497190806713137,0.25028091932868757,-7.265686643629514,-1.1000306506276045
2025-05-12,2025-05-11,-7.462015933970512,0.0,0.88862204539763,0.11137795460237052,-7.01448000188727,-0.44753593208324194
2025-05-13,2025-05-12,-8.03156601534103,1.0,0.45864913829255827,0.5413508617074414,-7.306177505556074,-0.7253885097849553
2025-05-14,2025-05-13,-8.929137881549003,0.0,0.5515777020836181,0.4484222979163822,-7.565535987854633,-1.3636018936943701
2025-05-15,2025-05-14,-7.419375611884632,0.0,0.6709158120534,0.3290841879466005,-8.02631581968193,0.6069402077972974
2025-05-16,2025-05-15,-8.736602562152898,1.0,0.4867799877817058,0.5132200122182943,-7.1888543788963615,-1.5477481832565365
2025-05-17,2025-05-16,-8.935074161521708,0.0,0.6797200185064631,0.32027998149353726,-7.85688240172475,-1.0781917597969581
2025-05-18,2025-05-17,-7.477661154573874,0.0,0.8370312966039866,0.16296870339601427,-7.636105921785607,0.15844476721173262
2025-05-19,2025-05-18,-7.173227857032178,0.0,0.657200640098494,0.3427993599015058,-6.838440519053889,-0.3347873379782893
2025-05-20,2025-05-19,-7.258308056098286,1.0,0.3694510407258092,0.6305489592741902,-7.307339679171749,0.04903162307346243
2025-05-21,2025-05-20,-6.577741216578559,1.0,0.40456164154248414,0.5954383584575156,-7.2257074743575505,0.6479662577789913
2025-05-22,2025-05-21,-7.726431694261702,1.0,0.20337375782640593,0.7966262421735936,-7.109677670919467,-0.6167540233422351
2025-05-23,2025-05-22,-7.30371845420322,1.0,0.4284131150943388,0.5715868849056607,-7.5686895092422155,0.26497105503899565
2025-05-24,2025-05-23,-8.255971923694183,1.0,0.3337638912580591,0.6662361087419416,-7.415462018734656,-0.8405099049595268
2025-05-25,2025-05-24,-7.913032243415141,0.0,0.7742943477521019,0.2257056522478998,-7.208419042770588,-0.7046132006445527
2025-05-26,2025-05-25,-8.867400987376913,0.0,0.8692322298238387,0.13076777017616245,-6.70134880253862,-2.1660521848382928
2025-05-27,2025-05-26,-8.232414595261877,0.0,0.874792946400314,0.12520705359968617,-7.545576845434451,-0.6868377498274265
2025-05-28,2025-05-27,-8.394537940926984,0.0,0.6720455162240448,0.3279544837759551,-7.495634674252556,-0.8989032666744281
2025-05-29,2025-05-28,-8.091614689957607,0.0,0.5936896404532828,0.40631035954671746,-7.84670206737,-0.2449126225876075
2025-05-30,2025-05-29,-7.5120973212248625,0.0,0.6343339123403368,0.3656660876596631,-7.469106244605124,-0.04299107661973878
2025-05-31,2025-05-30,-8.88946750964743,1.0,0.4878701870651839,0.512129812934816,-7.315231427178453,-1.5742360824689765
2025-06-01,2025-05-31,-9.03783668701213,0.0,0.9406013640246572,0.05939863597534314,-7.414120504754466,-1.6237161822576631
2025-06-02,2025-06-01,-8.445134320160708,0.0,0.7625611203668633,0.23743887963313795,-7.986968376828434,-0.4581659433322738
2025-06-03,2025-06-02,-7.944319722313896,0.0,0.7081523655683009,0.2918476344316999,-7.644747852135036,-0.2995718701788599
2025-06-04,2025-06-03,-9.074265578309623,0.0,0.6611516262463889,0.3388483737536108,-7.314444189898726,-1.7598213884108969
2025-06-05,2025-06-04,-7.088232833579505,0.0,0.7533654764776724,0.2466345235223281,-8.07397166181048,0.9857388282309758
2025-06-06,2025-06-05,-8.594778901136847,1.0,0.39460790236477183,0.6053920976352288,-7.152730911081827,-1.4420479900550198
2025-06-07,2025-06-06,-9.218543547431095,0.0,0.5801423828586519,0.41985761714134767,-8.056913501618823,-1.161630045812272
2025-06-08,2025-06-07,-9.389823665236591,0.0,0.9209722415520806,0.07902775844792019,-7.715592846006542,-1.6742308192300488
2025-06-09,2025-06-08,-7.868555454819131,0.0,0.9528084963551728,0.047191503644827895,-7.887254731853187,0.01869927703405594
2025-06-10,2025-06-09,-8.515105495004711,0.0,0.6012455606767225,0.3987544393232774,-7.391509597479029,-1.1235958975256821
2025-06-11,2025-06-10,-9.093779744155025,0.0,0.7960733287104285,0.2039266712895713,-7.490457747155112,-1.603321996999913
2025-06-12,2025-06-11,-7.9418366314184405,0.0,0.5861026717709524,0.4138973282290475,-8.448708019030562,0.5068713876121214
2025-06-13,2025-06-12,-7.575556562389327,0.0,0.7057324651663102,0.29426753483369106,-7.181128088273991,-0.3944284741153359
2025-06-14,2025-06-13,-9.379640250411933,1.0,0.4960876829856342,0.5039123170143658,-7.389258242435203,-1.9903820079767298
2025-06-15,2025-06-14,-8.703417199001589,0.0,0.8764972060803564,0.1235027939196437,-8.00075085281723,-0.7026663461843583
2025-06-16,2025-06-15,-8.155351584438739,0.0,0.8677445804962064,0.13225541950379438,-7.449148719640146,-0.706202864798593
2025-06-17,2025-06-16,-8.307601936727961,0.0,0.6903454884977317,0.3096545115022683,-7.44934661996386,-0.8582553167641009
2025-06-18,2025-06-17,-8.164616136857427,0.0,0.5998511095647132,0.4001488904352871,-7.769936115522503,-0.3946800213349242
2025-06-19,2025-06-18,-9.218816118109821,0.0,0.7121600196801858,0.28783998031981356,-7.363771263282359,-1.8550448548274616
2025-06-20,2025-06-19,-7.564832898916308,0.0,0.9232009152967501,0.07679908470324964,-7.780151863307937,0.21531896439162956
2025-06-21,2025-06-20,-8.12859295323781,0.0,0.5468891120272692,0.45311088797273025,-7.255302162425247,-0.8732907908125629
2025-06-22,2025-06-21,-6.7593463118075405,0.0,0.7880343405804373,0.21196565941956266,-7.18791784720222,0.4285715353946795
2025-06-23,2025-06-22,-6.993512964474014,1.0,0.37953911357793807,0.6204608864220614,-6.910725210110955,-0.08278775436305974
2025-06-24,2025-06-23,-8.07243373405606,1.0,0.40571205919174624,0.5942879408082532,-7.0157557626353775,-1.056677971420683
2025-06-25,2025-06-24,-8.793965170287613,0.0,0.6156594550998996,0.38434054490009956,-7.422775783434117,-1.3711893868534961
2025-06-26,2025-06-25,-8.94744173091407,0.0,0.7394033460470323,0.2605966539529693,-7.78391591859884,-1.1635258123152301
2025-06-27,2025-06-26,-8.73200124729038,0.0,0.7964415452359414,0.20355845476405873,-7.884248024627096,-0.8477532226632842
2025-06-28,2025-06-27,-10.450331963439451,0.0,0.6819228896561996,0.31807711034380015,-8.00734103582564,-2.4429909276138115
2025-06-29,2025-06-28,-9.362239740015474,0.0,0.9055078109038165,0.0944921890961846,-8.934895004917491,-0.4273447350979822
2025-06-30,2025-06-29,-8.471636240793115,0.0,0.8833108431890838,0.11668915681091707,-8.205017659732192,-0.2666185810609232
2025-07-01,2025-06-30,-8.489016106959156,0.0,0.6288892177654168,0.371110782234582,-8.079001979903111,-0.41001412705604423
2025-07-02,2025-07-01,-8.203606596628816,0.0,0.6801720507148137,0.319827949285186,-7.887300239494458,-0.3163063571343585
2025-07-03,2025-07-02,-8.233058765787382,0.0,0.63893413425867,0.36106586574133,-7.743547246445159,-0.4895115193422228
2025-07-04,2025-07-03,-8.927699149932298,0.0,0.6701914344666272,0.32980856553337307,-7.740379828711967,-1.1873193212203308
2025-07-05,2025-07-04,-10.816994958690035,0.0,0.8867926215406171,0.11320737845938415,-7.8684693845556115,-2.9485255741344236
2025-07-06,2025-07-05,-9.420084202572982,0.0,0.9316733595832504,0.06832664041674974,-9.507562656413912,0.08747845384093011
2025-07-07,2025-07-06,-9.20791866405134,0.0,0.9254526373484365,0.07454736265156453,-8.39059156688975,-0.8173270971615896
2025-07-08,2025-07-07,-8.76848466171768,0.0,0.6908858724862624,0.30911412751373746,-8.81687989944898,0.048395237731298835
2025-07-09,2025-07-08,-7.43313595469276,0.0,0.7031428135583823,0.2968571864416178,-8.306065157288394,0.8729292025956346
2025-07-10,2025-07-09,-6.988320783050814,1.0,0.4604734444448435,0.5395265555551562,-7.635818849371553,0.6474980663207388
2025-07-11,2025-07-10,-8.059000012296647,1.0,0.3000532539597533,0.6999467460402468,-7.469827857950051,-0.5891721543465955
2025-07-12,2025-07-11,-9.446256595563028,1.0,0.49296510629954515,0.507034893700455,-7.87309145038964,-1.5731651451733883
2025-07-13,2025-07-12,-9.412453491708225,0.0,0.8484658881513072,0.1515341118486932,-8.411676727867524,-1.000776763840701
2025-07-14,2025-07-13,-7.6411504256144465,0.0,0.9010890438238908,0.09891095617611007,-8.39865583842419,0.7575054128097438
2025-07-15,2025-07-14,-7.153380561027091,0.0,0.502340834489959,0.49765916551004086,-7.776871558640066,0.6234909976129748
2025-07-16,2025-07-15,-8.3823493571803,1.0,0.2049030537939701,0.79509694620603,-7.93789690884938,-0.4444524483309191
2025-07-17,2025-07-16,-8.061973085365556,0.0,0.7093998847776396,0.2906001152223609,-7.786600973851465,-0.27537211151409124
2025-07-18,2025-07-17,-8.216209902221502,0.0,0.6727894006141398,0.3272105993858604,-7.663376907431048,-0.552832994790454
2025-07-19,2025-07-18,-9.661646453691407,0.0,0.616606624533055,0.3833933754669442,-7.945315486810383,-1.7163309668810243
2025-07-20,2025-07-19,-9.42204848492259,0.0,0.9481573331501697,0.051842666849829994,-8.433781580652727,-0.988266904269862
2025-07-21,2025-07-20,-8.187967077090944,0.0,0.9567770970743096,0.04322290292569075,-8.304459292880438,0.11649221578949387
2025-07-22,2025-07-21,-7.6764981848590805,0.0,0.7144873145002574,0.2855126854997433,-7.79403895475761,0.1175407698985298
2025-07-23,2025-07-22,-8.10153777481356,0.0,0.556531966750461,0.4434680332495384,-7.646438617129286,-0.45509915768427334
2025-07-24,2025-07-23,-8.27142945283693,0.0,0.6501111453987606,0.3498888546012399,-7.75321346976084,-0.5182159830760904
2025-07-25,2025-07-24,-7.4819852365785575,0.0,0.6729636789285448,0.3270363210714537,-7.88919135896938,0.4072061223908223
2025-07-26,2025-07-25,-9.942638730524735,1.0,0.3521972202939158,0.6478027797060847,-7.920654539804348,-2.021984190720387
2025-07-27,2025-07-26,-9.583971434668252,0.0,0.8094104932302849,0.19058950676971567,-8.997121431691447,-0.5868500029768047
2025-07-28,2025-07-27,-9.089766918612384,0.0,0.8788293407618482,0.12117065923815187,-8.567702199265637,-0.522064719346746
2025-07-29,2025-07-28,-8.701602943394331,0.0,0.7245810410046005,0.2754189589953993,-8.56444982169896,-0.13715312169537164
2025-07-30,2025-07-29,-8.060632870391295,0.0,0.640868199254516,0.3591318007454835,-8.38132051375889,0.32068764336759514
2025-07-31,2025-07-30,-8.342374653643908,0.0,0.6599062880058518,0.3400937119941488,-7.714260109884993,-0.6281145437589153
2025-08-01,2025-07-31,-7.459770951048464,0.0,0.6599578178563192,0.34004218214367987,-7.993046018318589,0.5332750672701252
2025-08-02,2025-08-01,-8.828857139888974,1.0,0.43711328005390393,0.5628867199460961,-7.670632744429416,-1.1582243954595581
2025-08-03,2025-08-02,-9.839489736776672,0.0,0.9269158627397583,0.07308413726024143,-7.7656339771645335,-2.0738557596121385
2025-08-04,2025-08-03,-8.955763594239917,0.0,0.8949717422527274,0.10502825774727412,-8.757156894606792,-0.1986066996331246
2025-08-05,2025-08-04,-8.08982438102969,0.0,0.7181541297757605,0.2818458702242387,-8.471558032564314,0.38173365153462413
2025-08-06,2025-08-05,-8.66401756258237,0.0,0.6468635021919075,0.35313649780809275,-7.839921036307752,-0.8240965262746176
2025-08-07,2025-08-06,-8.219721422921651,0.0,0.7788621181275869,0.22113788187241412,-7.998893411857683,-0.22082801106396843
2025-08-08,2025-08-07,-8.989408904052164,0.0,0.641921638563715,0.35807836143628546,-7.984654943970792,-1.0047539600813717
2025-08-09,2025-08-08,-9.840416407252723,0.0,0.7552878106277248,0.24471218937227618,-8.43376980800872,-1.406646599244004
2025-08-10,2025-08-09,-8.319197597980791,0.0,0.9085025077781766,0.09149749222182386,-8.875973483977099,0.5567758859963075
2025-08-11,2025-08-10,-7.545163562709108,0.0,0.7739843059655398,0.22601569403446164,-7.8023469288046385,0.2571833660955303
2025-08-12,2025-08-11,-8.646733476363558,0.0,0.5513872395087336,0.4486127604912663,-7.577615152656809,-1.069118323706749
2025-08-13,2025-08-12,-7.782922440749326,0.0,0.7322312991799188,0.26776870082008175,-8.178228925580939,0.3953064848316128
2025-08-14,2025-08-13,-7.537145008502358,0.0,0.6320931536876944,0.367906846312306,-7.5753394060856065,0.03819439758324883
2025-08-15,2025-08-14,-8.721701702604717,1.0,0.4663203839204436,0.5336796160795562,-7.747158050672892,-0.9745436519318247
2025-08-16,2025-08-15,-9.64132683008897,0.0,0.6392857032094619,0.3607142967905381,-8.359175486796227,-1.2821513432927425
2025-08-17,2025-08-16,-9.323926190809926,0.0,0.9471075557850295,0.0528924442149714,-8.569159205725276,-0.7547669850846503
2025-08-18,2025-08-17,-8.076598787499556,0.0,0.9296648129326501,0.07033518706735076,-8.333375328005294,0.2567765405057383
2025-08-19,2025-08-18,-7.926644834196817,0.0,0.7318167279671838,0.26818327203281667,-7.643317236954234,-0.2833275972425833
2025-08-20,2025-08-19,-8.051147478948236,0.0,0.5136089975670606,0.4863910024329395,-7.981813844613303,-0.06933363433493334
2025-08-21,2025-08-20,-8.839166940734707,0.0,0.6156681286723643,0.3843318713276351,-7.8596260263785735,-0.9795409143561331
2025-08-22,2025-08-21,-6.881054222803997,0.0,0.6656341287425077,0.3343658712574916,-8.500392781430529,1.6193385586265316
2025-08-23,2025-08-22,-9.183888461180791,1.0,0.3972638202328373,0.6027361797671626,-7.295493537863061,-1.8883949233177297
2025-08-24,2025-08-23,-7.9221123979704675,0.0,0.911865215550428,0.08813478444957325,-8.256657161861435,0.33454476389096754
2025-08-25,2025-08-24,-7.369303557909361,0.0,0.8171201410413607,0.18287985895863906,-7.352129238358287,-0.01717431955107429
2025-08-26,2025-08-25,-8.018001586788086,1.0,0.49737990643333624,0.5026200935666637,-7.5171543584222125,-0.500847228365874
2025-08-27,2025-08-26,-8.71927449457634,0.0,0.6936335158893141,0.30636648411068457,-7.6467694781783395,-1.0725050163979999
2025-08-28,2025-08-27,-8.422088438185506,0.0,0.7135475644701305,0.28645243552987,-8.181034274462467,-0.24105416372303878
2025-08-29,2025-08-28,-7.389598627377108,0.0,0.7284486922933171,0.2715513077066828,-7.911417903068453,0.5218192756913451
2025-08-30,2025-08-29,-8.908141691733062,1.0,0.46899288433457814,0.5310071156654216,-7.617047350206981,-1.2910943415260814
2025-08-31,2025-08-30,-8.885945307781821,0.0,0.8472174305741265,0.15278256942587487,-8.058932683926148,-0.8270126238556728
2025-09-01,2025-08-31,-7.558693256247002,0.0,0.8747190758024979,0.12528092419750295,-8.038112199193726,0.47941894294672416
2025-09-02,2025-09-01,-7.232021168679561,0.0,0.6594059248236095,0.3405940751763901,-7.317216114138981,0.08519494545942052
2025-09-03,2025-09-02,-8.744798321566751,1.0,0.45169130963431137,0.5483086903656882,-7.515834313114907,-1.228964008451844
2025-09-04,2025-09-03,-8.098252576632076,0.0,0.736714802973655,0.2632851970263456,-8.21076754853684,0.11251497190476378
2025-09-05,2025-09-04,-7.039681268705722,0.0,0.647112600810876,0.3528873991891241,-7.76366062109753,0.7239793523918072
2025-09-06,2025-09-05,-9.903856094923732,1.0,0.46560445057093164,0.5343955494290685,-7.269089912450271,-2.634766182473461
2025-09-07,2025-09-06,-9.887047417725585,0.0,0.9280024973500125,0.07199750264998765,-8.728547946785078,-1.158499470940507
2025-09-08,2025-09-07,-8.924356041828888,0.0,0.9296584222666225,0.07034157773337839,-8.668366246619648,-0.25598979520924026
2025-09-09,2025-09-08,-8.196360285146962,0.0,0.7947347534046316,0.20526524659536963,-8.15270545284542,-0.043654832301541546
2025-09-10,2025-09-09,-8.418957173639251,0.0,0.7283100775122516,0.27168992248774904,-7.765485230317013,-0.6534719433222378
2025-09-11,2025-09-10,-8.893884231266238,0.0,0.6687425002455949,0.3312574997544067,-8.119389862132673,-0.7744943691335653
2025-09-12,2025-09-11,-8.887581474542733,0.0,0.6858909977429811,0.3141090022570199,-8.46081748180773,-0.4267639927350029
2025-09-13,2025-09-12,-9.854167854200607,0.0,0.6828849579948509,0.3171150420051489,-8.446078340279183,-1.408089513921425
2025-09-14,2025-09-13,-9.308215556434245,0.0,0.9411125431630357,0.058887456836964946,-8.745522924769771,-0.5626926316644738
2025-09-15,2025-09-14,-8.502479867916232,0.0,0.9141725818021273,0.08582741819787282,-8.336291072293337,-0.16618879562289557
2025-09-16,2025-09-15,-9.185744874453523,0.0,0.7689228835100561,0.23107711648994442,-7.972882825843219,-1.2128620486103037
2025-09-17,2025-09-16,-8.724566266260794,0.0,0.7172629504520782,0.282737049547922,-8.72670140357598,0.0021351373151858866
2025-09-18,2025-09-17,-9.295185100069467,0.0,0.6762778696718524,0.3237221303281468,-8.390952149619132,-0.9042329504503357
2025-09-19,2025-09-18,-9.236966759415473,0.0,0.7883118992651608,0.21168810073483946,-8.64253763158782,-0.5944291278276541
2025-09-20,2025-09-19,-10.62983426183131,0.0,0.7566309153288411,0.243369084671159,-8.693716294943865,-1.9361179668874442
2025-09-21,2025-09-20,-10.102108504257611,0.0,0.9210934484713037,0.0789065515286962,-9.529319662725563,-0.5727888415320486
2025-09-22,2025-09-21,-8.161090998528529,0.0,0.9477710030604356,0.05222899693956517,-9.058524111220422,0.8974331126918926
2025-09-23,2025-09-22,-8.807455010583679,0.0,0.5635800593834737,0.4364199406165267,-8.233828531658311,-0.5736264789253678
2025-09-24,2025-09-23,-8.678823614365827,0.0,0.7053892305458158,0.2946107694541843,-8.586704221210402,-0.09211939315542494
2025-09-25,2025-09-24,-7.329396804244921,0.0,0.6802831163207366,0.3197168836792629,-8.441137963817571,1.1117411595726496
2025-09-26,2025-09-25,-8.435736676913049,1.0,0.41722012136624065,0.5827798786337592,-7.759889956209033,-0.6758467207040155
2025-09-27,2025-09-26,-10.918517866496556,0.0,0.6638467183932936,0.336153281606706,-8.28007788657791,-2.6384399799186458
2025-09-28,2025-09-27,-8.80421786803202,0.0,0.8710695189997271,0.12893048100027416,-9.923353002883982,1.1191351348519625
2025-09-29,2025-09-28,-8.406305640129752,0.0,0.8555039890340317,0.144496010965969,-8.099044256022042,-0.30726138410770965
2025-09-30,2025-09-29,-8.56534301788747,0.0,0.6936283718840272,0.30637162811597274,-8.38004173285538,-0.18530128503208942
2025-10-01,2025-09-30,-7.781314658354283,0.0,0.7816191603885069,0.21838083961149224,-8.221101645054924,0.439786986700641
2025-10-02,2025-10-01,-8.27059504345373,0.0,0.5284489614830591,0.47155103851694075,-7.975634045161423,-0.29496099829230626
2025-10-03,2025-10-02,-8.341226134394212,0.0,0.6199288387928731,0.38007116120712653,-8.24685228181545,-0.0943738525787623
2025-10-04,2025-10-03,-9.607240473106533,0.0,0.6021723431727848,0.3978276568272152,-8.29787937239565,-1.3093611007108823
2025-10-05,2025-10-04,-7.491282495555009,0.0,0.9442659792702657,0.055734020729734504,-8.650114751008994,1.1588322554539854
2025-10-06,2025-10-05,-8.379338528243991,0.0,0.6082090281442865,0.39179097185571427,-7.633331849641454,-0.7460066786025372
2025-10-07,2025-10-06,-7.872621454509474,0.0,0.6650691940038038,0.33493080599619546,-8.361843696956106,0.4892222424466315
2025-10-08,2025-10-07,-7.9716323601807195,0.0,0.5308094686181823,0.46919053138181727,-8.045843829196007,0.07421146901528797
2025-10-09,2025-10-08,-7.389328806306225,0.0,0.6730826406270285,0.3269173593729724,-7.80757724638618,0.4182484400799549
2025-10-10,2025-10-09,-6.948843349642092,1.0,0.4554091378074784,0.5445908621925212,-7.762865245608686,0.8140218959665937
2025-10-11,2025-10-10,-6.753374538369062,1.0,0.21290431884101932,0.787095681158982,-7.8595732626563395,1.1061987242872773
2025-10-12,2025-10-11,-7.5912920330928415,1.0,0.40031157705485876,0.5996884229451418,-7.173768142143991,-0.4175238909488508
2025-10-13,2025-10-12,-7.8297190244940875,0.0,0.6458726102129309,0.3541273897870693,-7.325199282361499,-0.5045197421325884
2025-10-14,2025-10-13,-7.579849503065665,0.0,0.5534069177659111,0.4465930822340886,-7.717574178911493,0.1377246758458277
2025-10-15,2025-10-14,-8.721562748975932,1.0,0.478617668584945,0.5213823314150551,-7.684431529703338,-1.0371312192725943
2025-10-16,2025-10-15,-7.0475653797015,0.0,0.7076022114250751,0.2923977885749249,-8.199408849788236,1.1518434700867362
2025-10-17,2025-10-16,-6.94865896903834,1.0,0.34856040431054425,0.6514395956894564,-7.544571727830521,0.5959127587921804
2025-10-18,2025-10-17,-8.786847107426851,1.0,0.2577911146821687,0.7422088853178307,-7.682919793849997,-1.103927313576854
2025-10-19,2025-10-18,-8.266866302412213,0.0,0.8271438492702936,0.17285615072970745,-7.9274401701435515,-0.33942613226866136
2025-10-20,2025-10-19,-7.8281251991940195,0.0,0.7995288683353935,0.2004711316646071,-7.499309037483201,-0.32881616171081873
2025-10-21,2025-10-20,-6.19180970157155,0.0,0.6609355701705502,0.3390644298294503,-7.528000523226836,1.3361908216552854
2025-10-22,2025-10-21,-8.333570748881174,1.0,0.2970821327952998,0.7029178672046998,-6.882957834401887,-1.4506129144792865
2025-10-23,2025-10-22,-7.651607849573165,0.0,0.5355674948719794,0.4644325051280204,-8.14292721376641,0.4913193641932443
2025-10-24,2025-10-23,-8.669774394718035,0.0,0.5697245535071925,0.4302754464928075,-7.445026928162449,-1.224747466555586
2025-10-25,2025-10-24,-9.993902013953592,0.0,0.7648979509582554,0.23510204904174456,-7.883408577317369,-2.110493436636223
2025-10-26,2025-10-25,-8.31910319976975,0.0,0.9461337519789137,0.05386624802108652,-8.709882283078164,0.3907790833084146
2025-10-27,2025-10-26,-8.467174516662666,0.0,0.7682266491126991,0.23177335088730033,-7.733637853074215,-0.7335366635884517
2025-10-28,2025-10-27,-7.694369711957503,0.0,0.7157561598529297,0.28424384014706994,-8.001415562181812,0.3070458502243092
2025-10-29,2025-10-28,-7.621264697961562,0.0,0.62112890603346,0.3788710939665408,-7.510745637790148,-0.11051906017141455
2025-10-30,2025-10-29,-6.655859669829701,0.0,0.5578336302665764,0.4421663697334238,-7.539777959356237,0.8839182895265365
2025-10-31,2025-10-30,-7.398440483050095,1.0,0.434360072195325,0.5656399278046746,-6.961470613411189,-0.43696986963890616
2025-11-01,2025-10-31,-9.372666354856287,0.0,0.5134814874786525,0.4865185125213476,-7.323925615326698,-2.048740739529589
2025-11-02,2025-11-01,-8.778370546336875,0.0,0.9434065551438253,0.056593444856174374,-7.961992788404467,-0.8163777579324085
2025-11-03,2025-11-02,-6.971101612339869,0.0,0.9230826344552392,0.07691736554476158,-7.601358601763043,0.6302569894231747
2025-11-04,2025-11-03,-6.5387653714822465,1.0,0.39884959852990487,0.6011504014700954,-7.331042120926468,0.7922767494442216
2025-11-05,2025-11-04,-7.777360181440071,1.0,0.12378282879826243,0.8762171712017376,-7.660253556503035,-0.11710662493703605
2025-11-06,2025-11-05,-7.347457097634149,0.0,0.5327540015067175,0.4672459984932828,-7.6954400153467475,0.34798291771259837
2025-11-07,2025-11-06,-7.531266933077392,1.0,0.4178026941922398,0.5821973058077597,-7.45701656685897,-0.07425036621842196
2025-11-08,2025-11-07,-8.956738985377013,0.0,0.5008052677525751,0.49919473224742483,-7.48356484191558,-1.4731741434614332
2025-11-09,2025-11-08,-8.129285624737053,0.0,0.7883342062467003,0.21166579375330027,-8.07724656787788,-0.052039056859172206
2025-11-10,2025-11-09,-7.21853135952027,0.0,0.7959569489933508,0.20404305100665,-7.330245304054506,0.11171394453423567
2025-11-11,2025-11-10,-7.976132102837437,1.0,0.4364565920350765,0.5635434079649231,-7.469930096243671,-0.5062020065937656
2025-11-12,2025-11-11,-7.307618564833392,0.0,0.6174385851527243,0.3825614148472768,-7.743619826875665,0.4360012620422724
2025-11-13,2025-11-12,-6.933780989951759,0.0,0.5135067205069158,0.48649327949308413,-7.3313232986751515,0.39754230872339225
2025-11-14,2025-11-13,-6.698894555944462,1.0,0.3688094274206751,0.6311905725793252,-7.379331634147183,0.6804370782027211
2025-11-15,2025-11-14,-8.093835893494195,1.0,0.1394033000272404,0.86059669997276,-7.705325832181154,-0.3885100613130401
2025-11-16,2025-11-15,-7.796745273686276,0.0,0.7370398034730243,0.2629601965269764,-7.458717198436116,-0.3380280752501603
2025-11-17,2025-11-16,-6.910418534209255,0.0,0.7492102184173193,0.25078978158268034,-7.1263828250121986,0.215964290802944
2025-11-18,2025-11-17,-7.106551579612265,1.0,0.3477645995087618,0.6522354004912377,-7.374081031983246,0.26752945237098036
2025-11-19,2025-11-18,-6.730859445364998,1.0,0.26879223544197756,0.731207764558023,-7.753177710765777,1.022318265400779
2025-11-20,2025-11-19,-6.471309823733442,1.0,0.2874376148367686,0.7125623851632313,-7.303292555436541,0.831982731703099
2025-11-21,2025-11-20,-5.838503044943154,1.0,0.19906850907816373,0.8009314909218361,-7.273496889262928,1.4349938443197736
2025-11-22,2025-11-21,-7.906847163460113,1.0,0.10901109226320668,0.8909889077367932,-6.909805739934463,-0.9970414235256504
2025-11-23,2025-11-22,-7.438056273396586,0.0,0.7032196809522779,0.2967803190477224,-7.284734524409411,-0.15332174898717454
2025-11-24,2025-11-23,-7.1474494206395205,0.0,0.5353425182371173,0.46465748176288263,-7.210293444696358,0.06284402405683753
2025-11-25,2025-11-24,-7.875077744467792,1.0,0.2895975272085281,0.7104024727914724,-7.561516042990914,-0.31356170147687834
2025-11-26,2025-11-25,-7.014428234090074,0.0,0.5436151463472693,0.45638485365273024,-7.644150367242633,0.6297221331525593
2025-11-27,2025-11-26,-8.587587699003254,1.0,0.408873031298236,0.5911269687017641,-7.142622768544719,-1.4449649304585357
2025-11-28,2025-11-27,-7.481894273623621,0.0,0.8395532930233347,0.16044670697666535,-7.531845007493646,0.04995073387002513
2025-11-29,2025-11-28,-9.022631609466307,1.0,0.49603632970723105,0.5039636702927689,-7.337221292479146,-1.685410316987161
2025-11-30,2025-11-29,-8.547333769172399,0.0,0.9313191096825829,0.06868089031741709,-7.6892523953689595,-0.8580813738034392
2025-12-01,2025-11-30,-6.125369867391447,0.0,0.9224330681384934,0.07756693186150776,-7.309743892672776,1.184374025281329
2025-12-02,2025-12-01,-6.859623130051922,1.0,0.18638767670362136,0.8136123232963782,-7.008591799574182,0.14896866952225984
2025-12-03,2025-12-02,-7.65939939634174,1.0,0.2561370812016994,0.7438629187982999,-7.488314944113077,-0.17108445222866298
2025-12-04,2025-12-03,-7.668332349382324,1.0,0.4944284476536205,0.5055715523463797,-7.507867601779626,-0.16046474760269813
2025-12-05,2025-12-04,-7.258661859319669,0.0,0.5783945092305708,0.42160549076943,-7.2812624421227765,0.022600582803107727
2025-12-06,2025-12-05,-9.452234849086091,1.0,0.4182319960588309,0.5817680039411693,-7.349708933764787,-2.102525915321304
2025-12-07,2025-12-06,-7.044663270752802,0.0,0.8941773632137425,0.10582263678625797,-8.158628565001592,1.11396529424879
2025-12-08,2025-12-07,-7.813456619141567,0.0,0.5516040431071738,0.44839595689282624,-6.842509385937324,-0.9709472332042433
2025-12-09,2025-12-08,-6.784086985397815,0.0,0.6431787578702118,0.35682124212978783,-7.384516590527828,0.6004296051300129
2025-12-10,2025-12-09,-8.34891744002469,1.0,0.29281297307356935,0.7071870269264318,-7.3068751744749765,-1.0420422655497141
2025-12-11,2025-12-10,-7.397339521599432,0.0,0.7102719623064255,0.28972803769357525,-7.59253753387679,0.19519801227735822
2025-12-12,2025-12-11,-6.943986547807589,0.0,0.5286211330241878,0.4713788669758124,-7.19616275756212,0.2521762097545306
2025-12-13,2025-12-12,-10.559878399332995,1.0,0.39252917176658664,0.6074708282334131,-7.167332722738789,-3.3925456765942057
2025-12-14,2025-12-13,-9.241659027281871,0.0,0.9099592496522624,0.09004075034773837,-9.024633571453881,-0.21702545582799004
2025-12-15,2025-12-14,-7.272187541438661,0.0,0.8270765023461231,0.1729234976538775,-8.082492416251068,0.8103048748124069
2025-12-16,2025-12-15,-7.5417627705331345,1.0,0.4843065280922406,0.5156934719077594,-7.394434811281768,-0.1473279592513661
2025-12-17,2025-12-16,-6.413008911707392,0.0,0.5347652115327977,0.4652347884672027,-7.578462876364659,1.1654539646572672
2025-12-18,2025-12-17,-6.6654342274018425,1.0,0.3578404581876488,0.6421595418123506,-6.898119688512139,0.23268546111029664
2025-12-19,2025-12-18,-7.4591144795560895,1.0,0.3947963752609136,0.6052036247390862,-6.972083934046368,-0.4870305455097217
2025-12-20,2025-12-19,-11.159669186672096,1.0,0.44650642012973013,0.5534935798702708,-7.484995268605094,-3.6746739180670014
2025-12-21,2025-12-20,-8.343097062019696,0.0,0.8668436986826951,0.13315630131730583,-9.575968550830845,1.2328714888111492
2025-12-22,2025-12-21,-8.074162773500952,0.0,0.8801559670385308,0.11984403296147045,-7.244521415487719,-0.8296413580132329
2025-12-23,2025-12-22,-7.771466356596977,0.0,0.619172036763375,0.3808279632366254,-7.941140502058916,0.16967414546193904
2025-12-24,2025-12-23,-8.925633113998126,0.0,0.62783258480595,0.37216741519404994,-7.576829443350977,-1.3488036706471487
2025-12-25,2025-12-24,-8.94338146523215,0.0,0.7566500647668855,0.24334993523311393,-8.14697374243632,-0.7964077227958306
2025-12-26,2025-12-25,-6.995026851763502,0.0,0.8905619558106878,0.10943804418931305,-7.832764550056721,0.8377376982932194
2025-12-27,2025-12-26,-10.644265946687362,1.0,0.469232211375742,0.530767788624258,-7.3179823031197415,-3.3262836435676206
2025-12-28,2025-12-27,-10.686295201362105,0.0,0.8818266476386177,0.11817335236138223,-9.271659938700443,-1.4146352626616618
2025-12-29,2025-12-28,-7.51923823178815,0.0,0.9594747311233294,0.04052526887667135,-9.106615452545048,1.5873772207568981
2025-12-30,2025-12-29,-8.580833235559574,0.0,0.5133662170228034,0.48663378297719645,-7.824394877198978,-0.7564383583605956
2025-12-31,2025-12-30,-8.723486388301811,0.0,0.6792956628320977,0.32070433716790187,-8.312918623074097,-0.41056776522771443
2026-01-01,2025-12-31,-9.605312551126257,0.0,0.6514748068859859,0.34852519311401375,-8.344157159891651,-1.261155391234606
2026-01-02,2026-01-01,-8.212531667474853,0.0,0.896884056608257,0.1031159433917438,-8.44810264234166,0.2355709748668069
2026-01-03,2026-01-02,-9.749774958937152,0.0,0.6359692444817244,0.3640307555182757,-8.05560545489227,-1.6941695040448828
2026-01-04,2026-01-03,-8.980361537994927,0.0,0.9669203175405963,0.03307968245940436,-8.508951127842264,-0.4714104101526626
2026-01-05,2026-01-04,-7.980502335288617,0.0,0.9017527592405499,0.09824724075945046,-8.067214149687418,0.08671181439880105
2026-01-06,2026-01-05,-7.681118579561687,0.0,0.6011853867277692,0.39881461327223106,-8.038131012190524,0.35701243262883686
2026-01-07,2026-01-06,-7.807531687950545,0.0,0.6148327416106484,0.385167258389352,-7.742608292326138,-0.0649233956244073
2026-01-08,2026-01-07,-7.881955365382811,1.0,0.4430405567314901,0.5569594432685099,-8.15872142882634,0.27676606344352894
2026-01-09,2026-01-08,-7.841343361029812,1.0,0.48949794878451136,0.5105020512154886,-8.065117290174435,0.22377392914462213
2026-01-10,2026-01-09,-10.705997100918974,0.0,0.6347112585668019,0.3652887414331981,-7.655750652301065,-3.0502464486179095
2026-01-11,2026-01-10,-9.618626291207232,0.0,0.9663221842718674,0.033677815728132894,-9.143713775711937,-0.47491251549529423
2026-01-12,2026-01-11,-7.744299914960296,0.0,0.9205973946843163,0.07940260531568395,-8.540613536070097,0.7963136211098014
2026-01-13,2026-01-12,-7.386624083285798,0.0,0.5878143464847105,0.41218565351528924,-8.00509885488928,0.6184747716034815
2026-01-14,2026-01-13,-7.609162021810179,1.0,0.3082893021120258,0.6917106978879741,-8.328397058422958,0.7192350366127789
2026-01-15,2026-01-14,-8.01858992028866,1.0,0.3671554556343247,0.632844544365675,-8.192572754548825,0.17398283426016548
2026-01-16,2026-01-15,-8.859809999061524,0.0,0.5616877219418956,0.43831227805810397,-7.928375014676405,-0.9314349843851186
2026-01-17,2026-01-16,-10.267854112985122,0.0,0.7214453926352804,0.2785546073647191,-8.278328390496434,-1.989525722488688
2026-01-18,2026-01-17,-7.83173218003803,0.0,0.9588545791380029,0.04114542086199767,-8.925227388563153,1.0934952085251224
2026-01-19,2026-01-18,-8.507588402139348,0.0,0.798375535507373,0.20162446449262697,-7.4793821445754585,-1.0282062575638893
2026-01-20,2026-01-19,-7.932921553333978,0.0,0.8448761645749467,0.15512383542505392,-7.966822389784584,0.03390083645060571
2026-01-21,2026-01-20,-6.30957708151745,0.0,0.5451609811807454,0.4548390188192552,-8.12654787146019,1.81697078994274
2026-01-22,2026-01-21,-8.502624578358718,1.0,0.3599100484641403,0.6400899515358602,-7.202892975256184,-1.2997316031025345
2026-01-23,2026-01-22,-8.127025130921442,0.0,0.6778167179009082,0.3221832820990926,-8.126978132614944,-4.6998306498124975e-05
2026-01-24,2026-01-23,-10.48905999031764,0.0,0.6377947362306514,0.36220526376934964,-7.853706359322228,-2.6353536309954126
2026-01-25,2026-01-24,-8.366620283787617,0.0,0.9186154893109513,0.08138451068904849,-9.108552632973339,0.7419323491857224
2026-01-26,2026-01-25,-7.940210571457022,0.0,0.7414430934240158,0.25855690657598535,-8.00987273202218,0.06966216056515773
2026-01-27,2026-01-26,-7.63179758032752,0.0,0.6371772395797206,0.3628227604202795,-7.968448706823702,0.33665112649618223
2026-01-28,2026-01-27,-8.051862075217418,0.0,0.5893823448812062,0.4106176551187934,-7.753385042403631,-0.29847703281378735
2026-01-29,2026-01-28,-6.734192274186324,0.0,0.6815705352467577,0.31842946475324324,-7.756885537563477,1.0226932633771533
2026-01-30,2026-01-29,-7.064056059536191,1.0,0.2744381545740973,0.7255618454259026,-7.623042199960349,0.5589861404241576
2026-01-31,2026-01-30,-6.909322286991538,1.0,0.30723919175415587,0.6927608082458439,-7.755708648477143,0.8463863614856058
