date,actual_var,pred_var,error,abs_error
2024-10-19,9.007708970117624e-05,0.0009476394330169259,-0.0008575623433157497,0.0008575623433157497
2024-10-20,0.0003807098196512,0.00027357713356403993,0.00010713268608716008,0.00010713268608716008
2024-10-21,0.0003202183796642,0.0004446006863549262,-0.00012438230669072618,0.00012438230669072618
2024-10-22,0.0002853518941425,0.002495247996004841,-0.002209896101862341,0.002209896101862341
2024-10-23,0.0003362436373331,0.0009570310485413358,-0.0006207874112082358,0.0006207874112082358
2024-10-24,0.0004624125902505,0.0008707141845064765,-0.0004083015942559765,0.0004083015942559765
2024-10-25,5.395507413713425e-05,0.0023076889110255623,-0.002253733836888428,0.002253733836888428
2024-10-26,9.351589785986804e-05,0.002809311653126749,-0.0027157957552668807,0.0027157957552668807
2024-10-27,0.000203741237231,0.0009656032832390278,-0.0007618620460080278,0.0007618620460080278
2024-10-28,0.0006113286588519,0.00124078198086224,-0.00062945332201034,0.00062945332201034
2024-10-29,0.0004490703118755,0.0039002897202081535,-0.0034512194083326534,0.0034512194083326534
2024-10-30,0.0004692765758508,0.007377170846824369,-0.0069078942709735695,0.0069078942709735695
2024-10-31,0.0012728905424024,0.0020283490830801517,-0.0007554585406777518,0.0007554585406777518
2024-11-01,5.1425859485689816e-05,0.0045487859145210635,-0.0044973600550353736,0.0044973600550353736
2024-11-02,0.0004690718226163,0.0016735127924025607,-0.0012044409697862606,0.0012044409697862606
2024-11-03,0.0006197879172519,0.000805262861942066,-0.00018547494469016597,0.00018547494469016597
2024-11-04,0.0009245661709718,0.0006718512424426737,0.00025271492852912633,0.00025271492852912633
2024-11-05,0.0022961907175242,0.0010443997775706985,0.0012517909399535013,0.0012517909399535013
2024-11-06,0.0005406276897262,2.80316884414431e-06,0.0005378245208820557,0.0005378245208820557
2024-11-07,0.0004090092129144,0.0225,-0.0220909907870856,0.0220909907870856
2024-11-08,5.556746247024783e-05,0.0225,-0.02244443253752975,0.02244443253752975
2024-11-09,0.0011861752654518,0.0225,-0.0213138247345482,0.0213138247345482
2024-11-10,0.0011878474704025,0.0225,-0.0213121525295975,0.0213121525295975
2024-11-11,0.0018856723654993,0.0225,-0.0206143276345007,0.0206143276345007
2024-11-12,0.0026910285951771,0.0225,-0.0198089714048229,0.0198089714048229
2024-11-13,0.0018751476501304,0.0225,-0.020624852349869598,0.020624852349869598
2024-11-14,0.0010538369270297,0.0225,-0.0214461630729703,0.0214461630729703
2024-11-15,0.0002069103609886,0.00992561557921658,-0.00971870521822798,0.00971870521822798
2024-11-16,0.0003401743262439,0.0225,-0.0221598256737561,0.0221598256737561
2024-11-17,0.0018108955092859,0.019870987560084718,-0.018060092050798816,0.018060092050798816
2024-11-18,0.0007494338327651,0.011074227672294303,-0.010324793839529202,0.010324793839529202
2024-11-19,0.0002867596986617,0.005903314668443476,-0.005616554969781776,0.005616554969781776
2024-11-20,0.0008757431875342,0.005417999151118523,-0.004542255963584323,0.004542255963584323
2024-11-21,0.0005213721612308,0.006737487880855547,-0.006216115719624746,0.006216115719624746
2024-11-22,0.0001341158894089,0.004757798003036771,-0.0046236821136278715,0.0046236821136278715
2024-11-23,0.0005066121984415,0.004571613861492133,-0.004065001663050633,0.004065001663050633
2024-11-24,0.0011937152937544,0.0018583930552025507,-0.0006646777614481506,0.0006646777614481506
2024-11-25,0.0013381634156756,0.003132638574522979,-0.0017944751588473793,0.0017944751588473793
2024-11-26,0.0004596491926552,0.005499690051508323,-0.005040040858853122,0.005040040858853122
2024-11-27,0.000292654180794,0.004864563344278412,-0.004571909163484412,0.004571909163484412
2024-11-28,0.0004228997360536,0.006816325525767151,-0.006393425789713551,0.006393425789713551
2024-11-29,0.0001949572938221,0.0036869145969178705,-0.0034919573030957707,0.0034919573030957707
2024-11-30,0.0002145077360712,0.0002889982951563379,-7.449055908513791e-05,7.449055908513791e-05
2024-12-01,0.0010715852264698,0.0005248847682155619,0.0005467004582542382,0.0005467004582542382
2024-12-02,0.0007341792136382,0.00020321715777244024,0.0005309620558657598,0.0005309620558657598
2024-12-03,0.0009238639048256,0.0225,-0.0215761360951744,0.0215761360951744
2024-12-04,0.0026647047448609,9.099230082636798e-06,0.002655605514778263,0.002655605514778263
2024-12-05,0.0008671846140276,0.0009097508094024863,-4.256619537488626e-05,4.256619537488626e-05
2024-12-06,0.0001825876325193,0.0012362045702042279,-0.0010536169376849278,0.0010536169376849278
2024-12-07,0.0003120057625974,0.0019961759032862494,-0.0016841701406888495,0.0016841701406888495
2024-12-08,0.0014407611017577,0.0015059559515107647,-6.519484975306476e-05,6.519484975306476e-05
2024-12-09,0.001420300407579,0.001742649321666332,-0.00032234891408733195,0.00032234891408733195
2024-12-10,0.0007174353873605,0.008914607187134728,-0.008197171799774227,0.008197171799774227
2024-12-11,0.0007754132835788,0.003350896883600843,-0.0025754836000220433,0.0025754836000220433
2024-12-12,0.0005319451946517,0.0225,-0.0219680548053483,0.0219680548053483
2024-12-13,0.0002283440300656,0.0225,-0.022271655969934398,0.022271655969934398
2024-12-14,0.0003305713229384,0.0012967938521945667,-0.0009662225292561668,0.0009662225292561668
2024-12-15,0.0007200412963015,0.00026243114102120137,0.0004576101552802986,0.0004576101552802986
2024-12-16,0.0006809638680199,0.0060145008598651165,-0.005333536991845217,0.005333536991845217
2024-12-17,0.0012253030249004,0.003347520095748915,-0.002122217070848515,0.002122217070848515
2024-12-18,0.0015661728847088,0.0004887592479383591,0.0010774136367704408,0.0010774136367704408
2024-12-19,0.0021633350993166,0.0225,-0.0203366649006834,0.0203366649006834
2024-12-20,0.0004203322626916,0.002568111831736038,-0.002147779569044438,0.002147779569044438
2024-12-21,0.0007668721899974,0.005701895424258824,-0.004935023234261424,0.004935023234261424
2024-12-22,0.0012565414785517,0.0017857988526308226,-0.0005292573740791227,0.0005292573740791227
2024-12-23,0.0011061386160472,0.0022274224834537273,-0.0011212838674065273,0.0011212838674065273
2024-12-24,0.0002274424086639,0.0018249994575021578,-0.0015975570488382578,0.0015975570488382578
2024-12-25,0.0006813894985894,0.0031850910972909827,-0.0025037015987015828,0.0025037015987015828
2024-12-26,0.000720558203351,0.0027078778741396795,-0.0019873196707886794,0.0019873196707886794
2024-12-27,6.459954628311742e-05,0.0032373329139769457,-0.003172733367693828,0.003172733367693828
2024-12-28,0.0001729527246119,0.0010688612751449148,-0.0008959085505330148,0.0008959085505330148
2024-12-29,0.0013942340735422,0.0006216280062779681,0.0007726060672642318,0.0007726060672642318
2024-12-30,0.0004842939989395,0.0010154549640010086,-0.0005311609650615086,0.0005311609650615086
2024-12-31,0.0002822041255063,0.0004964387043125957,-0.00021423457880629575,0.00021423457880629575
2025-01-01,0.0004832447534245,0.0003170497831657131,0.00016619497025878693,0.00016619497025878693
2025-01-02,0.0001671632911889,0.0004409295033250154,-0.0002737662121361154,0.0002737662121361154
2025-01-03,0.0001039544836706,0.0029061112269935076,-0.0028021567433229077,0.0028021567433229077
2025-01-04,7.730058166067401e-05,0.0013782321797336772,-0.0013009315980730032,0.0013009315980730032
2025-01-05,0.0005382652381097,0.00039063551213075844,0.0001476297259789416,0.0001476297259789416
2025-01-06,0.0006666885474991,0.00013557729290476108,0.0005311112545943389,0.0005311112545943389
2025-01-07,0.0006467698191789,0.0225,-0.0218532301808211,0.0218532301808211
2025-01-08,0.0012297722006927,0.0225,-0.0212702277993073,0.0212702277993073
2025-01-09,0.0010783347811051,0.015272494140148703,-0.014194159359043602,0.014194159359043602
2025-01-10,0.0001048347035045,0.006403480673415711,-0.006298645969911211,0.006298645969911211
2025-01-11,0.0001384249452191,0.0035973337873960063,-0.0034589088421769065,0.0034589088421769065
2025-01-12,0.0010294736566754,0.00036691435312953286,0.0006625593035458671,0.0006625593035458671
2025-01-13,0.0006037882306801,0.0002977607004079298,0.0003060275302721702,0.0003060275302721702
2025-01-14,0.0007853664439002,3.2699151439654795e-05,0.0007526672924605452,0.0007526672924605452
2025-01-15,0.0008220136309215,0.011852064113637468,-0.011030050482715967,0.011030050482715967
2025-01-16,0.0009626582136731,0.008426791692933259,-0.007464133479260159,0.007464133479260159
2025-01-17,0.000631257985513,0.0024336048760259716,-0.0018023468905129718,0.0018023468905129718
2025-01-18,0.0014701764909372,0.006567833768643877,-0.005097657277706677,0.005097657277706677
2025-01-19,0.0059279872902172,0.0225,-0.0165720127097828,0.0165720127097828
2025-01-20,0.0011995778963323,0.0225,-0.0213004221036677,0.0213004221036677
2025-01-21,0.0003440673855795,0.0225,-0.0221559326144205,0.0221559326144205
2025-01-22,0.001377679300759,0.0225,-0.021122320699241,0.021122320699241
2025-01-23,0.0004752561280129,0.0225,-0.0220247438719871,0.0220247438719871
2025-01-24,0.0001421533826599,0.01852151086144705,-0.01837935747878715,0.01837935747878715
2025-01-25,0.0003499379300869,0.015065967566167316,-0.014716029636080416,0.014716029636080416
2025-01-26,0.0017483873030615,0.0012829449023784942,0.0004654424006830058,0.0004654424006830058
2025-01-27,0.0005194597000444,0.002817731278216551,-0.002298271578172151,0.002298271578172151
2025-01-28,0.0002652687065333,0.0225,-0.0222347312934667,0.0222347312934667
2025-01-29,0.0003097512316876,0.0225,-0.0221902487683124,0.0221902487683124
2025-01-30,0.0006725624740974,0.008852538349660138,-0.008179975875562738,0.008179975875562738
2025-01-31,0.0001510633705494,0.002291674333225999,-0.002140610962676599,0.002140610962676599
2025-02-01,0.0011022356105925,0.002073242868679266,-0.000971007258086766,0.000971007258086766
2025-02-02,0.0036407080358619,0.0013744558851196396,0.0022662521507422605,0.0022662521507422605
2025-02-03,0.0012278098780369,6.000619876640018e-05,0.0011678036792705,0.0011678036792705
2025-02-04,0.0003521182556087,0.0225,-0.0221478817443913,0.0221478817443913
2025-02-05,0.0004480702491692,0.0225,-0.022051929750830798,0.022051929750830798
2025-02-06,0.0008583062433054,0.0225,-0.0216416937566946,0.0216416937566946
2025-02-07,9.721752644865928e-05,0.009325660453610725,-0.009228442927162066,0.009228442927162066
2025-02-08,0.0003980230595872,0.002860393066550798,-0.002462370006963598,0.002462370006963598
2025-02-09,0.0004721412751273,0.0010886667749255732,-0.0006165254997982732,0.0006165254997982732
2025-02-10,0.0005260860290949,0.0003085800284541066,0.00021750600064079342,0.00021750600064079342
2025-02-11,0.0005295770170885,0.011185775147543523,-0.010656198130455022,0.010656198130455022
2025-02-12,0.0002844111579298,0.0225,-0.0222155888420702,0.0222155888420702
2025-02-13,0.0003747177161639,0.0018534716870602568,-0.0014787539708963568,0.0014787539708963568
2025-02-14,3.7704369138908815e-05,0.0225,-0.02246229563086109,0.02246229563086109
2025-02-15,0.000127020963697,0.0004965539120823425,-0.00036953294838534253,0.00036953294838534253
2025-02-16,0.0003089417016438,0.00010197252580333049,0.0002069691758404695,0.0002069691758404695
2025-02-17,0.0004489672434627,0.0007454937328718087,-0.00029652648940910864,0.00029652648940910864
2025-02-18,0.0002484298249979,0.004364908269373858,-0.004116478444375958,0.004116478444375958
2025-02-19,0.0001880829088223,0.013370867041416911,-0.013182784132594612,0.013182784132594612
2025-02-20,0.0005632386282908,0.0225,-0.0219367613717092,0.0219367613717092
2025-02-21,4.3765452916964674e-05,0.0006194011995530208,-0.0005756357466360562,0.0005756357466360562
2025-02-22,9.048847740676442e-05,0.0010359311459995318,-0.0009454426685927674,0.0009454426685927674
2025-02-23,0.000600834181569,4.047699841084197e-05,0.0005603571831581581,0.0005603571831581581
2025-02-24,0.0015026484935429,9.826769976659554e-05,0.0014043807937763044,0.0014043807937763044
2025-02-25,0.0010786314493416,0.0225,-0.0214213685506584,0.0214213685506584
2025-02-26,0.0010133634075042,0.0225,-0.0214866365924958,0.0214866365924958
2025-02-27,0.0024995149619042,0.020091723106932517,-0.017592208145028317,0.017592208145028317
2025-02-28,0.0005573702676229,4.969247259534023e-05,0.0005076777950275598,0.0005076777950275598
2025-03-01,0.0040619369643774,0.00014035151744587742,0.003921585446931523,0.003921585446931523
2025-03-02,0.0051212744113685,0.003990629780803018,0.0011306446305654827,0.0011306446305654827
2025-03-03,0.0029248368112234,0.0225,-0.019575163188776598,0.019575163188776598
2025-03-04,0.000997005717822,0.0225,-0.021502994282178,0.021502994282178
2025-03-05,0.0013745043011294,0.007844533825748496,-0.006470029524619097,0.006470029524619097
2025-03-06,0.0051473463241881,0.00661266259294314,-0.0014653162687550403,0.0014653162687550403
2025-03-07,0.0001672297462342,0.0026169140218958416,-0.0024496842756616417,0.0024496842756616417
2025-03-08,0.0010503844407019,0.004871444813631791,-0.003821060372929891,0.003821060372929891
2025-03-09,0.0024778992129408,0.002033852984217955,0.00044404622872284494,0.00044404622872284494
2025-03-10,0.0018962326870494,0.02137938331800161,-0.01948315063095221,0.01948315063095221
2025-03-11,0.0012522181979544,0.008831045886956055,-0.007578827689001654,0.007578827689001654
2025-03-12,0.0007409736983874,0.01021766125609386,-0.00947668755770646,0.00947668755770646
2025-03-13,0.0004630011002048,0.0036335871412970155,-0.0031705860410922155,0.0031705860410922155
2025-03-14,9.340562471690324e-05,0.004345014588422098,-0.004251608963705194,0.004251608963705194
2025-03-15,0.0006237730909723,0.005152855231608509,-0.004529082140636209,0.004529082140636209
2025-03-16,0.0003698293391169,0.001802176920103877,-0.0014323475809869769,0.0014323475809869769
2025-03-17,0.0005845548330609,0.0017789072570369498,-0.0011943524239760497,0.0011943524239760497
2025-03-18,0.0005920259677712,0.0225,-0.0219079740322288,0.0219079740322288
2025-03-19,0.0007734799473891,0.0225,-0.0217265200526109,0.0217265200526109
2025-03-20,0.0002962248035929,0.0225,-0.0222037751964071,0.0222037751964071
2025-03-21,3.390721046407705e-05,0.00023639007815531323,-0.00020248286769123617,0.00020248286769123617
2025-03-22,0.0001397130926513,0.001580086377332713,-0.001440373284681413,0.001440373284681413
2025-03-23,0.0004166361154525,0.0008256761831200004,-0.0004090400676675004,0.0004090400676675004
2025-03-24,0.0002363178572478,0.0009413838284157752,-0.0007050659711679752,0.0007050659711679752
2025-03-25,0.0003582839123543,0.0007751773731798677,-0.0004168934608255677,0.0004168934608255677
2025-03-26,0.0002444371404982,0.0004498857197988169,-0.00020544857930061692,0.00020544857930061692
2025-03-27,0.0002940070282825,0.00040820373555060853,-0.00011419670726810856,0.00011419670726810856
2025-03-28,0.0002916675271061,1.6136156177327326e-05,0.00027553137092877264,0.00027553137092877264
2025-03-29,0.0001761932462949,0.0225,-0.0223238067537051,0.0223238067537051
2025-03-30,0.0007029420709099,0.0225,-0.021797057929090098,0.021797057929090098
2025-03-31,0.0003987129582944,0.0225,-0.022101287041705598,0.022101287041705598
2025-04-01,0.0013666893390043,0.0225,-0.021133310660995698,0.021133310660995698
2025-04-02,0.0006565819884411,0.0009288809507396555,-0.00027229896229855554,0.00027229896229855554
2025-04-03,0.0011920324256525,3.202542361758288e-05,0.0011600070020349172,0.0011600070020349172
2025-04-04,0.0001690286415107,7.349398916062389e-07,0.00016829370161909377,0.00016829370161909377
2025-04-05,0.0011109199130307,0.0020292910410031314,-0.0009183711279724313,0.0009183711279724313
2025-04-06,0.0029264545415642,0.00017110914318521772,0.0027553453983789823,0.0027553453983789823
2025-04-07,0.0013646065710864,0.0036218748248720736,-0.0022572682537856737,0.0022572682537856737
2025-04-08,0.0039786199284582,0.0017113727716329494,0.0022672471568252507,0.0022672471568252507
2025-04-09,0.0013989448636077,0.0038208888191972427,-0.0024219439555895426,0.0024219439555895426
2025-04-10,0.0011787241670868,0.01693899844268351,-0.01576027427559671,0.01576027427559671
2025-04-11,0.0002531692076798,0.007490855008914495,-0.0072376858012346956,0.0072376858012346956
2025-04-12,0.0004994104729889,0.006594932929025171,-0.006095522456036271,0.006095522456036271
2025-04-13,0.0008197704404741,0.0029406170416374166,-0.0021208466011633166,0.0021208466011633166
2025-04-14,0.0001828044014298,0.0020667380208517177,-0.0018839336194219178,0.0018839336194219178
2025-04-15,0.0008668287654107,0.0012221514553357453,-0.0003553226899250453,0.0003553226899250453
2025-04-16,0.000196368767289,0.00040251245274760156,-0.00020614368545860155,0.00020614368545860155
2025-04-17,2.8730668010834512e-05,1.4078253894305248e-05,1.4652414116529264e-05,1.4652414116529264e-05
2025-04-18,9.261849931222492e-05,0.00043463625888570976,-0.00034201775957348485,0.00034201775957348485
2025-04-19,0.0001348915586425,0.00023062715552203022,-9.573559687953021e-05,9.573559687953021e-05
2025-04-20,0.0007720183823649,0.0002480190791138671,0.0005239993032510329,0.0005239993032510329
2025-04-21,0.0009357578377864,4.956411741010774e-05,0.0008861937203762922,0.0008861937203762922
2025-04-22,0.0002898648360557,0.0033585545849304766,-0.0030686897488747767,0.0030686897488747767
2025-04-23,0.0001824325856954,0.01673375889241588,-0.016551326306720477,0.016551326306720477
2025-04-24,0.000519160951445,0.003905801356661033,-0.0033866404052160333,0.0033866404052160333
2025-04-25,7.924555174305984e-05,0.0005382220333839912,-0.00045897648164093134,0.00045897648164093134
2025-04-26,0.0001415902595301,0.00033923449412777136,-0.00019764423459767136,0.00019764423459767136
2025-04-27,0.0004957945160184,0.00011019982240858533,0.0003855946936098147,0.0003855946936098147
2025-04-28,0.0001709397586677,0.0003709517814660762,-0.0002000120227983762,0.0002000120227983762
2025-04-29,0.0004574045669895,0.00019120707997927636,0.0002661974870102236,0.0002661974870102236
2025-04-30,0.0002850240318967,0.00012948595114534145,0.00015553808075135855,0.00015553808075135855
2025-05-01,0.000253596263774,0.00012783025237518396,0.00012576601139881606,0.00012576601139881606
2025-05-02,7.167376478987663e-05,0.002086656924858956,-0.0020149831600690792,0.0020149831600690792
2025-05-03,0.0001661940213979,0.002890118331429465,-0.002723924310031565,0.002723924310031565
2025-05-04,0.0002957670854098,0.0009751439169054853,-0.0006793768314956852,0.0006793768314956852
2025-05-05,0.0004760695248087,0.00040139581231102257,7.467371249767743e-05,7.467371249767743e-05
2025-05-06,0.0002346201244722,0.00015483014209397215,7.978998237822784e-05,7.978998237822784e-05
2025-05-07,0.0006164049630474,0.0022550761104834865,-0.0016386711474360863,0.0016386711474360863
2025-05-08,0.0003239242071353,0.0006781836709303331,-0.00035425946379503303,0.00035425946379503303
2025-05-09,0.0002557331779721,0.0225,-0.0222442668220279,0.0222442668220279
2025-05-10,0.000232710051321,0.008301912981577194,-0.008069202930256194,0.008069202930256194
2025-05-11,0.0005744968556006,0.00270956676333202,-0.0021350699077314203,0.0021350699077314203
2025-05-12,0.0003250387944106,0.0007851346478388509,-0.00046009585342825086,0.00046009585342825086
2025-05-13,0.0001324721820266,0.0012550150067114911,-0.0011225428246848912,0.0011225428246848912
2025-05-14,0.0005995233639367,0.001122466619448861,-0.000522943255512161,0.000522943255512161
2025-05-15,0.0001605985858106,0.0005519600668150604,-0.00039136148100446045,0.00039136148100446045
2025-05-16,0.0001316881195751,0.00024991473074832774,-0.00011822661117322775,0.00011822661117322775
2025-05-17,0.000565578670952,0.00015563362340573038,0.0004099450475462696,0.0004099450475462696
2025-05-18,0.0007668434709406,9.280573794525674e-05,0.0006740377329953433,0.0006740377329953433
2025-05-19,0.000704298661912,0.0225,-0.021795701338088,0.021795701338088
2025-05-20,0.0013909876889565,0.021542441645234445,-0.020151453956277945,0.020151453956277945
2025-05-21,0.0004410149890755,0.0057167991940085035,-0.005275784204933003,0.005275784204933003
2025-05-22,0.0006730314797165,0.009779657655391122,-0.009106626175674622,0.009106626175674622
2025-05-23,0.0002597029906189,0.002497900893740975,-0.002238197903122075,0.002238197903122075
2025-05-24,0.0003659432674975,0.00711318610382829,-0.00674724283633079,0.00674724283633079
2025-05-25,0.0001409083347186,0.002178171556625588,-0.002037263221906988,0.002037263221906988
2025-05-26,0.0002658935292569,0.0013653109644631938,-0.0010994174352062938,0.0010994174352062938
2025-05-27,0.0002260989232586,0.00013290729148118398,9.319163177741604e-05,9.319163177741604e-05
2025-05-28,0.0003060951091902,7.112295804510499e-05,0.00023497215114509501,0.00023497215114509501
2025-05-29,0.0005464338387708,0.0007198415741191816,-0.00017340773534838157,0.00017340773534838157
2025-05-30,0.0001378330332045,0.000536341767013105,-0.000398508733808605,0.000398508733808605
2025-05-31,0.0001188276199362,0.0003861265037819325,-0.0002672988838457325,0.0002672988838457325
2025-06-01,0.0002149437224471,0.0008111909679312384,-0.0005962472454841384,0.0005962472454841384
2025-06-02,0.0003546710838607,0.000688912603904506,-0.000334241520043806,0.000334241520043806
2025-06-03,0.0001145767586549,0.00033355926702793425,-0.00021898250837303426,0.00021898250837303426
2025-06-04,0.0008348714195118,4.2687830999927405e-05,0.0007921835885118726,0.0007921835885118726
2025-06-05,0.0001850695419408,0.0002732598836364872,-8.819034169568721e-05,8.819034169568721e-05
2025-06-06,9.918303787757596e-05,0.0055723972596851854,-0.005473214221807609,0.005473214221807609
2025-06-07,8.357019126807613e-05,0.012078841067763964,-0.011995270876495889,0.011995270876495889
2025-06-08,0.0003825866268865,0.00416944317915482,-0.0037868565522683204,0.0037868565522683204
2025-06-09,0.0002004179754334,0.0009219231116210905,-0.0007215051361876905,0.0007215051361876905
2025-06-10,0.0001123625631376,0.01844366316992908,-0.01833130060679148,0.01833130060679148
2025-06-11,0.0003555528587104,0.0007598291306204695,-0.00040427627191006946,0.00040427627191006946
2025-06-12,0.0005128349177246,0.002291922893423529,-0.0017790879756989287,0.0017790879756989287
2025-06-13,8.442556913454223e-05,0.003966419400061871,-0.003881993830927329,0.003881993830927329
2025-06-14,0.0001660175256457,0.0013179797821817254,-0.0011519622565360254,0.0011519622565360254
2025-06-15,0.0002871942952168,0.00014464925740519523,0.00014254503781160478,0.00014254503781160478
2025-06-16,0.0002466347805753,5.1874258963386974e-05,0.00019476052161191304,0.00019476052161191304
2025-06-17,0.0002845458558604,0.0009058989828714487,-0.0006213531270110486,0.0006213531270110486
2025-06-18,9.915600717367966e-05,0.0026799533677728466,-0.002580797360599167,0.002580797360599167
2025-06-19,0.0005183639797142,0.0003742816386621325,0.00014408234105206758,0.00014408234105206758
2025-06-20,0.000294982963766,7.350256701044266e-05,0.00022148039675555736,0.00022148039675555736
2025-06-21,0.001159987196056,0.0010937649883880393,6.622220766796063e-05,6.622220766796063e-05
2025-06-22,0.000917816604556,0.00018933132146802225,0.0007284852830879777,0.0007284852830879777
2025-06-23,0.0003120229753087,0.0009224156416369451,-0.0006103926663282452,0.0006103926663282452
2025-06-24,0.0001516454738522,0.0225,-0.0223483545261478,0.0223483545261478
2025-06-25,0.0001300694875219,0.0225,-0.022369930512478098,0.022369930512478098
2025-06-26,0.0001613392531855,0.0006545632349442231,-0.000493223981758723,0.000493223981758723
2025-06-27,2.893866512471068e-05,0.00022939814376210442,-0.00020045947863739374,0.00020045947863739374
2025-06-28,8.59074726765584e-05,7.423749318002941e-05,1.1669979496528997e-05,1.1669979496528997e-05
2025-06-29,0.0002093221216086,0.0001308497132536219,7.847240835497809e-05,7.847240835497809e-05
2025-06-30,0.0002057155626877,0.00010819484205268443,9.752072063501556e-05,9.752072063501556e-05
2025-07-01,0.0002736647894706,0.0008539183119233974,-0.0005802535224527974,0.0005802535224527974
2025-07-02,0.0002657223036376,0.0010974297005190178,-0.0008317073968814178,0.0008317073968814178
2025-07-03,0.0001326629111143,0.005629286197270878,-0.005496623286156578,0.005496623286156578
2025-07-04,2.005574405534949e-05,0.0016491362615031738,-0.0016290805174478244,0.0016290805174478244
2025-07-05,8.107919194513813e-05,0.0015850793897924668,-0.0015040001978473287,0.0015040001978473287
2025-07-06,0.0001002424642628,0.0013555554866252774,-0.0012553130223624774,0.0012553130223624774
2025-07-07,0.0001555591268378,0.0005633895231726514,-0.0004078303963348514,0.0004078303963348514
2025-07-08,0.000591330216465,0.0005835593641245966,7.770852340403486e-06,7.770852340403486e-06
2025-07-09,0.000922594467913,0.0005119828165122519,0.0004106116514007481,0.0004106116514007481
2025-07-10,0.0003162428862342,0.0033351115165655425,-0.0030188686303313423,0.0030188686303313423
2025-07-11,7.898468416964535e-05,0.009578233434303795,-0.00949924875013415,0.00949924875013415
2025-07-12,8.170025036105403e-05,0.003899629341288976,-0.003817929090927922,0.003817929090927922
2025-07-13,0.0004802756127522,0.0225,-0.0220197243872478,0.0220197243872478
2025-07-14,0.0007822152801257,0.0014799286489149714,-0.0006977133687892713,0.0006977133687892713
2025-07-15,0.0002288716121691,0.0225,-0.0222711283878309,0.0222711283878309
2025-07-16,0.0003153040693031,0.0020777457921563915,-0.0017624417228532916,0.0017624417228532916
2025-07-17,0.0002702373523861,0.0011526081515136238,-0.0008823707991275238,0.0008823707991275238
2025-07-18,6.367959007639497e-05,0.0006445157988781342,-0.0005808362088017393,0.0005808362088017393
2025-07-19,8.092008583529943e-05,0.0009365118892289187,-0.0008555918033936193,0.0008555918033936193
2025-07-20,0.0002779784189145,6.460261997048789e-05,0.0002133757989440121,0.0002133757989440121
2025-07-21,0.0004635954853181,5.842607991971506e-05,0.000405169405398385,0.000405169405398385
2025-07-22,0.0003030727219508,0.0225,-0.0221969272780492,0.0221969272780492
2025-07-23,0.0002557194909205,0.0225,-0.0222442805090795,0.0222442805090795
2025-07-24,0.0005631383422917,0.0225,-0.0219368616577083,0.0219368616577083
2025-07-25,4.808026622991826e-05,0.0018452843706418475,-0.0017972041044119291,0.0017972041044119291
2025-07-26,6.882307790064056e-05,0.0009865092978069675,-0.0009176862199063269,0.0009176862199063269
2025-07-27,0.0001128143603865,0.0004699644435443561,-0.0003571500831578561,0.0003571500831578561
2025-07-28,0.0001663189972631,0.0225,-0.0223336810027369,0.0223336810027369
2025-07-29,0.0003157269278356,0.0012511588625529944,-0.0009354319347173943,0.0009354319347173943
2025-07-30,0.0002382060140064,0.00047314264716558075,-0.00023493663315918075,0.00023493663315918075
2025-07-31,0.0005757880400314,0.00020577760060607654,0.00037001043942532343,0.00037001043942532343
2025-08-01,0.000146445510615,0.0014345822332166964,-0.0012881367226016964,0.0012881367226016964
2025-08-02,5.3304503508090334e-05,0.003314286192955035,-0.0032609816894469444,0.0032609816894469444
2025-08-03,0.000128991558434,0.0020259705724408822,-0.0018969790140068823,0.0018969790140068823
2025-08-04,0.0003066436048388,0.0017617731702118664,-0.0014551295653730664,0.0014551295653730664
2025-08-05,0.0001726891220092,0.0010743317792156135,-0.0009016426572064134,0.0009016426572064134
2025-08-06,0.0002692900724991,1e-07,0.0002691900724991,0.0002691900724991
2025-08-07,0.0001247237951829,0.0006902104386528547,-0.0005654866434699548,0.0005654866434699548
2025-08-08,5.325513067815391e-05,0.0034816756145376942,-0.0034284204838595403,0.0034284204838595403
2025-08-09,0.0002437914044794,0.00167442806134663,-0.00143063665686723,0.00143063665686723
2025-08-10,0.0005286607888398,0.0006615677951019381,-0.00013290700626213809,0.00013290700626213809
2025-08-11,0.0001756998394819,0.005673215797626884,-0.005497515958144984,0.005497515958144984
2025-08-12,0.0004167923421105,0.0021307199752638333,-0.0017139276331533332,0.0017139276331533332
2025-08-13,0.0005329169252576,0.0016923279523857646,-0.0011594110271281647,0.0011594110271281647
2025-08-14,0.0001630095609725,0.0053262923153141436,-0.005163282754341644,0.005163282754341644
2025-08-15,6.49867711150411e-05,0.010830215815444376,-0.010765229044329335,0.010765229044329335
2025-08-16,8.926275888654029e-05,0.003689930341772032,-0.0036006675828854917,0.0036006675828854917
2025-08-17,0.0003107260856232,0.0010994245282780627,-0.0007886984426548626,0.0007886984426548626
2025-08-18,0.0003609955833489,0.00038723604003250715,-2.624045668360713e-05,2.624045668360713e-05
2025-08-19,0.0003187359697445,0.000999878633529183,-0.000681142663784683,0.000681142663784683
2025-08-20,0.0001449434428802,0.010380815929444804,-0.010235872486564605,0.010235872486564605
2025-08-21,0.0010270607234081,0.0225,-0.0214729392765919,0.0214729392765919
2025-08-22,0.0001026804867845,0.002922987670064084,-0.002820307183279584,0.002820307183279584
2025-08-23,0.000362635486379,0.0225,-0.022137364513621,0.022137364513621
2025-08-24,0.0006303069985975,0.004658759765490369,-0.004028452766892869,0.004028452766892869
2025-08-25,0.0003294777981265,0.0033061225901307467,-0.0029766447920042466,0.0029766447920042466
2025-08-26,0.0001634056996486,0.006882107239513538,-0.006718701539864938,0.006718701539864938
2025-08-27,0.0002199548107955,0.0037249609337159954,-0.0035050061229204956,0.0035050061229204956
2025-08-28,0.0006176438090807,0.0015187306234233512,-0.0009010868143426512,0.0009010868143426512
2025-08-29,0.00013528299806,0.001641688536126381,-0.001506405538066381,0.001506405538066381
2025-08-30,0.0001383193649477,0.01927538863181088,-0.01913706926686318,0.01913706926686318
2025-08-31,0.0005215563392677,0.005206118897950843,-0.004684562558683143,0.004684562558683143
2025-09-01,0.0007230579631554,0.0020120185508433453,-0.0012889605876879452,0.0012889605876879452
2025-09-02,0.0001592877374754,0.001456100233363923,-0.001296812495888523,0.001296812495888523
2025-09-03,0.0003040700131585,0.0031442567669700086,-0.0028401867538115086,0.0028401867538115086
2025-09-04,0.0008764058557188,0.0013631415157938202,-0.0004867356600750202,0.0004867356600750202
2025-09-05,4.998157627579001e-05,0.0011205731448616684,-0.0010705915685858783,0.0010705915685858783
2025-09-06,5.08288008724257e-05,0.0005098798931703865,-0.00045905109229796076,0.00045905109229796076
2025-09-07,0.0001331071597393,0.0004590474073560367,-0.00032594024761673667,0.00032594024761673667
2025-09-08,0.0002756550520993,0.0009594299140724783,-0.0006837748619731783,0.0006837748619731783
2025-09-09,0.0002206446269311,0.001176507766022583,-0.0009558631390914831,0.0009558631390914831
2025-09-10,0.000137225605474,0.0008029897784708546,-0.0006657641729968546,0.0006657641729968546
2025-09-11,0.0001380932364428,0.005895378097066592,-0.005757284860623792,0.005757284860623792
2025-09-12,5.252780790568797e-05,0.004082210938180785,-0.004029683130275097,0.004029683130275097
2025-09-13,9.067620746907898e-05,0.0019179304958277929,-0.0018272542883587138,0.0018272542883587138
2025-09-14,0.0002029644194528,0.0007817690540228213,-0.0005788046345700213,0.0005788046345700213
2025-09-15,0.0001024900461889,0.0007511249755539301,-0.0006486349293650301,0.0006486349293650301
2025-09-16,0.0001625432778762,0.00033504412301353734,-0.00017250084513733736,0.00017250084513733736
2025-09-17,9.186549146281454e-05,0.002178237289754433,-0.0020863717982916186,0.0020863717982916186
2025-09-18,9.737249694527084e-05,0.0011349250832392553,-0.0010375525862939845,0.0010375525862939845
2025-09-19,2.4183638177558747e-05,0.0009585070717884772,-0.0009343234336109185,0.0009343234336109185
2025-09-20,4.0993030059603554e-05,0.0019205548495306495,-0.001879561819471046,0.001879561819471046
2025-09-21,0.0002855506894113,0.0008852769960435934,-0.0005997263066322934,0.0005997263066322934
2025-09-22,0.0001496135366957,0.000721127605303193,-0.000571514068607493,0.000571514068607493
2025-09-23,0.0001701511132358,0.007010712951018578,-0.006840561837782777,0.006840561837782777
2025-09-24,0.0006559691456182,0.003343312643259207,-0.002687343497641007,0.002687343497641007
2025-09-25,0.0002169732081239,0.0028355105857562307,-0.0026185373776323306,0.0026185373776323306
2025-09-26,1.8119572207304207e-05,0.016029532118691653,-0.01601141254648435,0.01601141254648435
2025-09-27,0.0001500986417952,0.00582484254359178,-0.0056747439017965804,0.0056747439017965804
2025-09-28,0.0002234538528598,0.0022120979237727103,-0.0019886440709129104,0.0019886440709129104
2025-09-29,0.0001905981986206,0.005247479696977882,-0.005056881498357282,0.005056881498357282
2025-09-30,0.000417462992486,0.005228807145417587,-0.004811344152931587,0.004811344152931587
2025-10-01,0.0002559329547089,0.0019733615929699464,-0.0017174286382610465,0.0017174286382610465
2025-10-02,0.0002384797553674,0.016992509698871578,-0.016754029943504178,0.016754029943504178
2025-10-03,6.724011943968312e-05,0.008726072707036774,-0.00865883258759709,0.00865883258759709
2025-10-04,0.000557926962596,0.005321791645316883,-0.004763864682720883,0.004763864682720883
2025-10-05,0.0002295617438546,0.002182270040310625,-0.0019527082964560251,0.0019527082964560251
2025-10-06,0.0003810341880268,0.0018222096459405365,-0.0014411754579137365,0.0014411754579137365
2025-10-07,0.0003451151735798,0.0018330899196158043,-0.0014879747460360042,0.0014879747460360042
2025-10-08,0.00061781048488,0.00749573093000827,-0.00687792044512827,0.00687792044512827
2025-10-09,0.0009597446008852,0.005335938448923825,-0.004376193848038625,0.004376193848038625
2025-10-10,0.0011669351017938,0.0005592623990920837,0.0006076727027017162,0.0006076727027017162
2025-10-11,0.0005048283774453,0.0225,-0.0219951716225547,0.0219951716225547
2025-10-12,0.0003977372190072,0.0225,-0.0221022627809928,0.0221022627809928
2025-10-13,0.0005106380666955,0.0013338817445242848,-0.0008232436778287847,0.0008232436778287847
2025-10-14,0.0001630322133163,0.001235951129747647,-0.001072918916431347,0.001072918916431347
2025-10-15,0.0008695233415786,0.0069470971428000055,-0.006077573801221405,0.006077573801221405
2025-10-16,0.000959921575489,0.006162199853369777,-0.005202278277880777,0.005202278277880777
2025-10-17,0.0001527287466959,0.00755978823570829,-0.00740705948901239,0.00740705948901239
2025-10-18,0.0002568890438176,0.004857800843571695,-0.004600911799754095,0.004600911799754095
2025-10-19,0.0003983716480999,0.00231277417122878,-0.00191440252312888,0.00191440252312888
2025-10-20,0.0020461205331671,0.0026581198336412103,-0.0006119993004741102,0.0006119993004741102
2025-10-21,0.0002403124157424,6.0322719939368235e-05,0.00017998969580303176,0.00017998969580303176
2025-10-22,0.0004752793366729,4.7704043555130974e-05,0.000427575293117769,0.000427575293117769
2025-10-23,0.000171697835794,2.551170545892994e-05,0.00014618613033507005,0.00014618613033507005
2025-10-24,4.567762372713149e-05,0.0225,-0.02245432237627287,0.02245432237627287
2025-10-25,0.0002438144190381,0.00011264190373415405,0.00013117251530394595,0.00013117251530394595
2025-10-26,0.0002102581457576,0.0003352269838884011,-0.00012496883813080108,0.00012496883813080108
2025-10-27,0.0004553839211924,0.0225,-0.0220446160788076,0.0220446160788076
2025-10-28,0.000489921835995,0.010668390398783199,-0.0101784685627882,0.0101784685627882
2025-10-29,0.0012864617354441,0.0036502052896311967,-0.002363743554187097,0.002363743554187097
2025-10-30,0.0006122067638696,0.0011611346198386176,-0.0005489278559690176,0.0005489278559690176
2025-10-31,8.501640204481065e-05,0.0003212565148501763,-0.00023624011280536564,0.00023624011280536564
2025-11-01,0.0001540288637235,0.00014995345812154266,4.0754056019573525e-06,4.0754056019573525e-06
2025-11-02,0.0009386183425483,8.846203808475454e-05,0.0008501563044635454,0.0008501563044635454
2025-11-03,0.0014462730070906,0.00022157169959828493,0.001224701307492315,0.001224701307492315
2025-11-04,0.0004191171086789,5.534918277207475e-05,0.00036376792590682525,0.00036376792590682525
2025-11-05,0.0006442284893655,0.0225,-0.0218557715106345,0.0218557715106345
2025-11-06,0.0005360586758168,3.833680689776051e-05,0.0004977218689190395,0.0004977218689190395
2025-11-07,0.0001288658025517,0.00011814691570848708,1.0718886843212908e-05,1.0718886843212908e-05
2025-11-08,0.0002947787082234,0.0005821206386919295,-0.0002873419304685295,0.0002873419304685295
2025-11-09,0.0007328779631366,9.280148798235529e-06,0.0007235978143383645,0.0007235978143383645
2025-11-10,0.0003435657327686,0.0225,-0.0221564342672314,0.0221564342672314
2025-11-11,0.0006704116945348,0.0004881829025314828,0.0001822287920033172,0.0001822287920033172
2025-11-12,0.0009743100388309,0.0030160154641843827,-0.002041705425353483,0.002041705425353483
2025-11-13,0.0012322733592876,0.0225,-0.0212677266407124,0.0212677266407124
2025-11-14,0.00030541596419,0.00047705878985985654,-0.00017164282566985655,0.00017164282566985655
2025-11-15,0.0004110707267651,6.698970911131077e-05,0.0003440810176537892,0.0003440810176537892
2025-11-16,0.0009973402880908,2.63090287143977e-05,0.0009710312593764022,0.0009710312593764022
2025-11-17,0.0008197168521339,0.0017526201121783353,-0.0009329032600444353,0.0009329032600444353
2025-11-18,0.0011935067633693,0.0225,-0.0213064932366307,0.0213064932366307
2025-11-19,0.0015471978486691,0.00039690478483930087,0.0011502930638297992,0.0011502930638297992
2025-11-20,0.0029132002932933,1.0639281862591067e-05,0.002902561011430709,0.002902561011430709
2025-11-21,0.0003682136699384,0.0005686644641014723,-0.0002004507941630723,0.0002004507941630723
2025-11-22,0.0005884278295306,0.0002417264081503446,0.0003467014213802554,0.0003467014213802554
2025-11-23,0.0007868684945584,2.0033056824119523e-05,0.0007668354377342805,0.0007668354377342805
2025-11-24,0.0003800994060947,0.00010601236472774989,0.0002740870413669501,0.0002740870413669501
2025-11-25,0.0008988195792797,7.878524821452437e-05,0.0008200343310651756,0.0008200343310651756
2025-11-26,0.0001864052112035,4.891518531317186e-05,0.00013749002589032814,0.00013749002589032814
2025-11-27,0.0005631895693492,3.544484193115701e-05,0.000527744727418043,0.000527744727418043
2025-11-28,0.0001206482091362,8.642658755572863e-05,3.4221621580471376e-05,3.4221621580471376e-05
2025-11-29,0.0001940618240163,3.2496132237920126e-05,0.00016156569177837988,0.00016156569177837988
2025-11-30,0.0021866821861572,1.6601692178282667e-05,0.0021700804939789172,0.0021700804939789172
2025-12-01,0.0010493093112656,0.0018240287165383862,-0.0007747194052727861,0.0007747194052727861
2025-12-02,0.000471590564774,0.0022852964909984355,-0.0018137059262244356,0.0018137059262244356
2025-12-03,0.0004673966284116,0.0225,-0.0220326033715884,0.0220326033715884
2025-12-04,0.0007040495228523,0.0005404509081678678,0.0001635986146844322,0.0001635986146844322
2025-12-05,7.851390233195549e-05,7.914655552829198e-05,-6.326531963364872e-07,6.326531963364872e-07
2025-12-06,0.0008720504582596,0.007018007224373699,-0.0061459567661140985,0.0061459567661140985
2025-12-07,0.0004042582631022,0.00019129306427327007,0.00021296519882892996,0.00021296519882892996
2025-12-08,0.0011316404363426,0.00018937503187537455,0.0009422654044672254,0.0009422654044672254
2025-12-09,0.0002366525704086,1.8146958769179895e-05,0.0002185056116394201,0.0002185056116394201
2025-12-10,0.0006128811510855,1.4457698049080946e-05,0.0005984234530364191,0.0005984234530364191
2025-12-11,0.0009644172280505,7.134122007787723e-06,0.0009572831060427122,0.0009572831060427122
2025-12-12,2.593600502219461e-05,3.613341802395763e-05,-1.0197413001763018e-05,1.0197413001763018e-05
2025-12-13,9.691666937565604e-05,0.0225,-0.022403083330624345,0.022403083330624345
2025-12-14,0.0006945908842792,2.2828971303036484e-05,0.0006717619129761635,0.0006717619129761635
2025-12-15,0.0005304617148661,0.0225,-0.0219695382851339,0.0219695382851339
2025-12-16,0.0016400822077797,1e-07,0.0016399822077797,0.0016399822077797
2025-12-17,0.0012742032121094,8.724177833679053e-06,0.0012654790342757208,0.0012654790342757208
2025-12-18,0.0005761661525618,9.312576316051474e-05,0.0004830403894012853,0.0004830403894012853
2025-12-19,1.4236959590618871e-05,5.215902531162971e-05,-3.792206572101084e-05,3.792206572101084e-05
2025-12-20,0.0002380339941285,0.003266032021097753,-0.0030279980269692533,0.0030279980269692533
2025-12-21,0.0003114839414164,8.04886047896708e-05,0.0002309953366267292,0.0002309953366267292
2025-12-22,0.0004215946053,4.523311182540964e-06,0.00041707129411745904,0.00041707129411745904
2025-12-23,0.000132937280787,1.6698220285790414e-05,0.00011623906050120959,0.00011623906050120959
2025-12-24,0.0001305986777979,6.704199415731029e-05,6.355668364058971e-05,6.355668364058971e-05
2025-12-25,0.0009164281848849,0.00016448818086354331,0.0007519400040213567,0.0007519400040213567
2025-12-26,2.3837133867163887e-05,1.4889776390434816e-05,8.947357476729071e-06,8.947357476729071e-06
2025-12-27,2.2856038664926725e-05,3.448884544509371e-06,1.9407154120417355e-05,1.9407154120417355e-05
2025-12-28,0.0005425457025381,2.2820578018664514e-06,0.0005402636447362336,0.0005402636447362336
2025-12-29,0.0001876685401398,4.771071385368349e-06,0.00018289746875443165,0.00018289746875443165
2025-12-30,0.0001627188995873,3.229008554951704e-05,0.00013042881403778296,0.00013042881403778296
2025-12-31,6.736987818608543e-05,3.5346264131084744e-05,3.202361405500068e-05,3.202361405500068e-05
2026-01-01,0.000271233179125,0.00016036358650593722,0.00011086959261906278,0.00011086959261906278
2026-01-02,5.830778390018623e-05,0.0021648427269056647,-0.0021065349430054786,0.0021065349430054786
2026-01-03,0.000125857337066,0.002101219022165414,-0.001975361685099414,0.001975361685099414
2026-01-04,0.0003420675467492,0.0014494839436817448,-0.001107416396932545,0.001107416396932545
2026-01-05,0.0004614584320103,0.0014287102679714646,-0.0009672518359611646,0.0009672518359611646
2026-01-06,0.0004066605752338,0.004153167802901892,-0.003746507227668092,0.003746507227668092
2026-01-07,0.000377494195564,0.00184024601314386,-0.00146275181757986,0.00146275181757986
2026-01-08,0.0003931405560595,0.0043513842062888565,-0.003958243650229357,0.003958243650229357
2026-01-09,2.2410138252925994e-05,0.002023203349571461,-0.002000793211318535,0.002000793211318535
2026-01-10,6.647887757510622e-05,0.0013319089832265615,-0.0012654301056514554,0.0012654301056514554
2026-01-11,0.0004332048206232,0.0007538071395887086,-0.00032060231896550865,0.00032060231896550865
2026-01-12,0.000619483752964,0.000809822137500693,-0.00019033838453669303,0.00019033838453669303
2026-01-13,0.0004958872270991,0.0005576625172697762,-6.177529017067614e-05,6.177529017067614e-05
2026-01-14,0.0003292840123111,0.0225,-0.0221707159876889,0.0221707159876889
2026-01-15,0.0001419820383209,0.0225,-0.0223580179616791,0.0223580179616791
2026-01-16,3.473182608969656e-05,0.006346869872677981,-0.006312138046588285,0.006312138046588285
2026-01-17,0.0003969373175529,0.002791463642009153,-0.002394526324456253,0.002394526324456253
2026-01-18,0.0002019302126595,0.001747027568913123,-0.001545097356253623,0.001545097356253623
2026-01-19,0.0003587368117158,0.002175900871979685,-0.0018171640602638853,0.0018171640602638853
2026-01-20,0.0018188022816787,0.0020119932917586976,-0.0001931910100799977,0.0001931910100799977
2026-01-21,0.0002029350505069,1e-07,0.0002028350505069,0.0002028350505069
2026-01-22,0.000295445807373,0.0038136470726975492,-0.003518201265324549,0.003518201265324549
2026-01-23,2.783935223143884e-05,0.0024637857272330854,-0.0024359463750016465,0.0024359463750016465
2026-01-24,0.0002325000114272,0.0014555155638084107,-0.0012230155523812107,0.0012230155523812107
2026-01-25,0.0003561314792865,0.0010314271626917508,-0.0006752956834052508,0.0006752956834052508
2026-01-26,0.0004847886281224,0.004115258116499802,-0.003630469488377402,0.003630469488377402
2026-01-27,0.0003185082835712,0.004175029011556479,-0.0038565207279852793,0.0038565207279852793
2026-01-28,0.0011895356308582,0.0030049557090911644,-0.0018154200782329645,0.0018154200782329645
2026-01-29,0.0008553018935006,0.012326090118924325,-0.011470788225423724,0.011470788225423724
2026-01-30,0.0009984342191066,0.0031271585858237347,-0.0021287243667171348,0.0021287243667171348
